user_id,full_name,department,role,supervisor,avg_logon_hour,avg_logoff_hour,typical_work_days,avg_file_accesses_per_day,avg_http_requests_per_day,avg_email_count_per_day,usb_usage_frequency,baseline_start,baseline_end,total_alerts,high_risk_alerts,current_risk_level
NGF0157,Nissim Gil French,3 - FinancialPlanning,FinancialAnalyst,Libby Rosalyn Richard,5,17,"0,1,2,3,4,5,6",0.6956521739130435,90.0,8.91304347826087,0.3043478260869565,2025-12-02,2025-12-31,0,0,LOW
LRR0148,Libby Rosalyn Richard,3 - FinancialPlanning,Manager,Thomas Vladimir Stokes,6,15,"0,1,2,3,4,5,6",2.1666666666666665,137.04166666666666,13.041666666666666,2.083333333333333,2025-12-02,2025-12-31,0,0,LOW
IRM0931,Ignatius Reese Morton,2 - SoftwareManagement,ComputerProgrammer,Caleb Mason Ball,6,16,"0,1,2,3,4,5,6",4.896551724137931,95.0,8.96551724137931,1.0344827586206895,2025-12-02,2025-12-31,0,0,LOW
MOH0273,Macaulay Otto Hopkins,3 - Engineering,HardwareEngineer,Gage Kaden Odonnell,7,17,"0,1,2,3,4,5,6",23.16,95.0,8.24,7.92,2025-12-02,2025-12-31,0,0,LOW
LAP0338,Lynn Adena Pratt,3 - FieldService,Technician,Garrett Nicholas Solomon,7,18,"0,1,2,3,4,5,6",0.0,29.0,2.8,0.0,2025-12-02,2025-12-31,0,0,LOW
NOB0181,Nevada Odette Bass,3 - FieldService,Technician,Garrett Nicholas Solomon,7,18,"0,1,2,3,4,5,6",4.428571428571429,27.0,2.892857142857143,1.2142857142857142,2025-12-02,2025-12-31,0,0,LOW
MHH0180,Merrill Hiram Hess,3 - FieldService,Technician,Garrett Nicholas Solomon,7,18,"0,1,2,3,4,5",0.0,27.0,2.9130434782608696,0.0,2025-12-02,2025-12-31,0,0,LOW
AHC0142,Azalia Halee Cantu,4 - QualityControl,Engineer,Kimberley Kiona Sosa,7,17,"0,1,2,3,4,5,6",0.0,95.0,8.869565217391305,0.0,2025-12-02,2025-12-31,0,0,LOW
CTR0341,Cairo Theodore Robles,3 - FieldService,Technician,Garrett Nicholas Solomon,6,18,"0,1,2,3,4,5,6",0.0,29.0,3.0,0.0,2025-12-02,2025-12-31,0,0,LOW
NWK0215,Noelani Wynter Kennedy,6 - Security,SecurityGuard,Clinton Coby Wolfe,6,15,"0,1,2,3,4,5,6",0.0,143.0,11.703703703703704,0.0,2025-12-02,2025-12-31,0,0,LOW
ATE0869,Aquila Tanner Ellison,2 - Sales,Salesman,Hashim Damon Dudley,6,17,"0,1,2,3,4,5,6",2.1666666666666665,153.0,15.1,0.5333333333333333,2025-12-02,2025-12-31,0,0,LOW
HVB0037,Hollee Vanna Becker,6 - Security,SecurityGuard,Clinton Coby Wolfe,7,15,"0,1,2,3,4,5,6",0.0,143.0,13.869565217391305,0.0,2025-12-02,2025-12-31,0,0,LOW
JKJ0698,Jescie Kristen Jenkins,3 - Assembly,ProductionLineWorker,Alan Benjamin Holder,7,16,"0,1,2,3,4,5,6",0.0,10.0,1.0,0.0,2025-12-02,2025-12-31,0,0,LOW
AJR0319,Arthur Jacob Raymond,2 - Sales,Salesman,Meredith Ainsley Wolf,7,15,"0,1,2,3,4,5,6",0.0,162.0,14.407407407407408,0.0,2025-12-02,2025-12-31,0,0,LOW
ABC0174,Allegra Bree Coffey,2 - Sales,Salesman,Meredith Ainsley Wolf,7,15,"0,1,2,3,4,5,6",2.08,162.0,14.04,2.08,2025-12-02,2025-12-31,0,0,LOW
JCR0172,Jaquelyn Cassandra Roberson,2 - Sales,Salesman,Meredith Ainsley Wolf,7,15,"0,1,2,3,4,5,6",1.28,162.0,14.36,0.56,2025-12-02,2025-12-31,0,0,LOW
RRC0553,RRC0553,,,,7,17,"0,1,2,3,4,5,6",20.166666666666668,95.0,8.958333333333334,1.25,2025-12-02,2025-12-31,0,0,LOW
HAD0246,Holmes Arden Day,3 - Engineering,MechanicalEngineer,Harper Price Harris,6,16,"0,1,2,3,4,5,6",0.7333333333333333,95.0,10.0,0.4666666666666667,2025-12-02,2025-12-31,0,0,LOW
IKP0472,Ivana Kaitlin Parsons,3 - Assembly,ProductionLineWorker,Armando Albert Walter,7,17,"0,1,2,3,4,5,6",1.7333333333333334,9.0,1.0,1.0333333333333334,2025-12-02,2025-12-31,0,0,LOW
BRS0734,Burke Rooney Stafford,2 - Sales,Salesman,Lysandra Chastity Brennan,7,16,"0,1,2,3,4,5,6",17.56,162.0,13.56,1.4,2025-12-02,2025-12-31,0,0,LOW
HPH0075,Harper Price Harris,3 - Engineering,ChiefEngineer,Declan Lester Moss,7,16,"0,1,2,3,4,5,6",22.956521739130437,180.0,18.869565217391305,7.869565217391305,2025-12-02,2025-12-31,0,0,LOW
RZC0746,Robert Zeus Cox,2 - Sales,Salesman,Lysandra Chastity Brennan,7,16,"0,1,2,3,4,5,6",0.0,162.0,14.379310344827584,0.0,2025-12-02,2025-12-31,0,0,LOW
IIW0249,Igor Ishmael Ward,3 - Engineering,MechanicalEngineer,Harper Price Harris,6,15,"0,1,2,3,4,5,6",1.0833333333333333,91.04166666666669,8.583333333333334,8.333333333333334,2025-12-02,2025-12-31,0,0,LOW
ESJ0670,Eaton Samuel Jennings,1 - Research,Scientist,Sarah Imelda Juarez,7,15,"0,1,2,3,4,5,6",8.107142857142858,95.0,10.0,0.3928571428571428,2025-12-02,2025-12-31,0,0,LOW
JKF0465,Jerry Kennan Fischer,3 - Assembly,ProductionLineWorker,Armando Albert Walter,7,17,"0,1,2,3,4,5,6",0.0,10.0,0.8695652173913043,0.0,2025-12-02,2025-12-31,0,0,LOW
AMW0392,Alea Maggie Whitfield,2 - SoftwareManagement,ComputerScientist,Jocelyn Bree Mccray,7,18,"0,1,2,3,4,5,6",0.0,90.0,8.518518518518519,0.0,2025-12-02,2025-12-31,0,0,LOW
HSB0196,Hadley Sonya Bowen,1 - Purchasing,PurchasingClerk,August Armando Evans,8,18,"0,1,2,3,4,5,6",24.517241379310345,120.0,10.689655172413794,8.137931034482758,2025-12-02,2025-12-31,0,0,LOW
YIC0195,Yolanda Idona Crosby,1 - Purchasing,PurchasingClerk,August Armando Evans,8,18,"0,1,2,3,4,5,6",0.0,114.0,10.464285714285714,0.0,2025-12-02,2025-12-31,0,0,LOW
NAH0503,Nicole Aurelia Hanson,2 - Sales,Salesman,Bert Jason Henderson,7,17,"0,1,2,3,4,5,6",0.0,162.0,14.91304347826087,0.0,2025-12-02,2025-12-31,0,0,LOW
WPR0368,William Price Robles,6 - Security,ITAdmin,Francis Brian Armstrong,3,19,"0,1,2,3,4,5,6",0.0,109.6153846153846,10.307692307692308,0.0,2025-12-02,2025-12-31,0,0,LOW
JDC0030,Jenna Darrel Charles,6 - Security,AdministrativeAssistant,Fatima Ulla Mcclure,8,19,"0,1,2,3,4,5,6",2.1785714285714284,114.0,9.857142857142858,0.4642857142857143,2025-12-02,2025-12-31,0,0,LOW
HDD0806,Hedwig Dai Duffy,2 - SoftwareManagement,SoftwareEngineer,Sara Gail George,8,20,"0,1,2,3,4,5,6",0.0,95.0,8.931034482758621,0.0,2025-12-02,2025-12-31,0,0,LOW
FKK0055,Farrah Kim Keith,1 - Research,Scientist,Summer Leilani Boyer,8,17,"0,1,2,3,4,5,6",1.1785714285714286,100.0,8.857142857142858,0.4642857142857143,2025-12-02,2025-12-31,0,0,LOW
JHP0583,Jorden Helen Pierce,3 - Assembly,ProductionLineWorker,Whilemina Pandora England,7,18,"0,1,2,3,4,5,6",3.5217391304347827,10.0,0.9565217391304348,1.9130434782608696,2025-12-02,2025-12-31,0,0,LOW
AOK0844,Armand Odysseus Key,3 - Assembly,ProductionLineWorker,Amy Lucy Chen,8,19,"0,1,2,3,4,5,6",2.566666666666667,10.0,1.0,0.8,2025-12-02,2025-12-31,0,0,LOW
RAW0915,Robert Ali Webb,1 - Research,Scientist,Lillith Adena Matthews,8,19,"0,1,2,3,4,5,6",0.5454545454545454,100.0,8.590909090909092,0.9090909090909092,2025-12-02,2025-12-31,0,0,LOW
SSJ0784,Sarah Susan Jarvis,3 - FieldService,Technician,Blaine Helen Cervantes,7,16,"0,1,2,3,4,5,6",0.0,29.0,2.925925925925926,0.0,2025-12-02,2025-12-31,0,0,LOW
FOB0756,Ferris Omar Barry,3 - FieldService,Technician,Blaine Helen Cervantes,8,16,"0,1,2,3,4,5,6",0.32,29.0,3.0,0.4,2025-12-02,2025-12-31,0,0,LOW
CJM0521,Cleo Jeanette Morales,3 - FieldService,Technician,Burke Randall Burnett,8,16,"0,1,2,3,4,5,6",0.0,29.0,2.9655172413793105,0.0,2025-12-02,2025-12-31,0,0,LOW
HLH0512,Hadassah Leah Harris,3 - FieldService,Technician,Burke Randall Burnett,8,16,"0,1,2,3,4,5,6",0.0,29.0,2.833333333333333,0.0,2025-12-02,2025-12-31,0,0,LOW
BQS0525,BQS0525,,,,8,16,"0,1,2,3,4,5,6",1.1,27.0,2.9,8.0,2025-12-02,2025-12-31,0,0,LOW
IAR0694,Imani Aubrey Ray,2 - SoftwareManagement,ComputerScientist,Aurora Tatiana Payne,8,18,"0,1,2,3,4,5,6",0.0,95.0,8.958333333333334,0.0,2025-12-02,2025-12-31,0,0,LOW
BRB0355,Burke Randall Burnett,3 - FieldService,FieldServiceEngineer,Sharon Britanni Kerr,8,16,"0,1,2,3,4,5,6",1.4827586206896552,100.0,9.689655172413794,2.034482758620689,2025-12-02,2025-12-31,0,0,LOW
SMH0291,Shaeleigh MacKenzie Harris,3 - Assembly,ProductionLineWorker,Shannon Chantale Price,8,17,"0,1,2,3,4,5,6",0.0,10.0,0.9285714285714286,0.0,2025-12-02,2025-12-31,0,0,LOW
BDI0533,Bruno Donovan Ingram,3 - FieldService,Technician,Burke Randall Burnett,8,16,"0,1,2,3,4,5,6",4.148148148148148,30.0,2.888888888888889,2.037037037037037,2025-12-02,2025-12-31,0,0,LOW
DAR0885,DAR0885,,,,7,18,"0,1,2,3,4,5,6",0.0,29.0,2.933333333333333,0.0,2025-12-02,2025-12-31,0,0,LOW
ALB0892,Arthur Lucian Bonner,3 - FieldService,Technician,Blythe Veda Cooke,9,18,"0,1,2,3,4,5,6",0.0,29.0,2.931034482758621,0.0,2025-12-02,2025-12-31,0,0,LOW
BSS0369,Brenden Samuel Shaffer,6 - Security,ITAdmin,Francis Brian Armstrong,3,19,"0,1,2,3,4,5,6",12.346153846153848,115.3846153846154,9.23076923076923,11.192307692307692,2025-12-02,2025-12-31,0,0,LOW
DLM0051,Declan Lester Moss,3 - Engineering,Director,Kai Wynne Craft,6,14,"0,1,2,3,4,5,6",24.25925925925926,182.96296296296296,16.88888888888889,8.222222222222221,2025-12-02,2025-12-31,0,0,LOW
CMB0912,Caleb Mason Ball,2 - SoftwareManagement,Manager,Todd Vance Spears,7,16,"0,1,2,3,4,5,6",0.0,143.0,13.615384615384617,0.0,2025-12-02,2025-12-31,0,0,LOW
SBN0971,Selma Barbara Nicholson,3 - Assembly,ProductionLineWorker,Sandra Beverly Diaz,7,16,"0,1,2,3,4,5,6",0.8461538461538461,10.0,1.0,0.2307692307692307,2025-12-02,2025-12-31,0,0,LOW
LBH0942,Lyle Brady Hayes,2 - SoftwareManagement,SoftwareEngineer,Caleb Mason Ball,7,16,"0,1,2,3,4,5,6",23.85185185185185,95.0,8.25925925925926,8.666666666666666,2025-12-02,2025-12-31,0,0,LOW
MLM0950,Madison Lydia Morrison,3 - Assembly,ProductionLineWorker,Sandra Beverly Diaz,7,16,"0,1,2,3,4,5,6",7.0,10.0,1.0,2.16,2025-12-02,2025-12-31,0,0,LOW
LBF0214,Leslie Briar Fields,6 - Security,SecurityGuard,Clinton Coby Wolfe,6,14,"0,1,2,3,4,5,6",2.111111111111111,144.44444444444446,13.296296296296296,0.8888888888888888,2025-12-02,2025-12-31,0,0,LOW
NAF0326,Nichole Azalia Frye,2 - Sales,Salesman,Meredith Ainsley Wolf,7,15,"0,1,2,3,4,5,6",5.6923076923076925,162.0,15.692307692307692,1.9615384615384612,2025-12-02,2025-12-31,0,0,LOW
QOS0878,Quynn Odessa Sanford,2 - Sales,Salesman,Hashim Damon Dudley,7,17,"0,1,2,3,4,5,6",0.8888888888888888,162.0,13.74074074074074,2.333333333333333,2025-12-02,2025-12-31,0,0,LOW
TDS0984,Tara Dai Stevenson,3 - Training,ComputerTrainer,Walter Kaseem Foley,7,17,"0,1,2,3,4,5,6",4.074074074074074,95.0,8.62962962962963,0.2222222222222222,2025-12-02,2025-12-31,0,0,LOW
RAM0447,Ramona Alma Moses,3 - Assembly,ProductionLineWorker,Armando Albert Walter,7,17,"0,1,2,3,4,5,6",0.0,10.0,1.0,0.0,2025-12-02,2025-12-31,0,0,LOW
EHB0420,Erich Harding Bryant,3 - Engineering,ElectricalEngineer,Hadassah Riley Baker,6,17,"0,1,2,3,4,5,6",0.0,83.57142857142857,8.071428571428571,0.0,2025-12-02,2025-12-31,0,0,LOW
DRR0242,Daphne Ruby Reilly,2 - SoftwareManagement,ComputerProgrammer,Vance Ira Alston,7,17,"0,1,2,3,4,5,6",0.0,90.0,8.923076923076923,0.0,2025-12-02,2025-12-31,0,0,LOW
NGC0058,Nadine Gay Cross,1 - Research,Mathematician,Jackson Linus Wilkerson,7,18,"0,1,2,3,4,5,6",0.2,100.0,8.64,0.24,2025-12-02,2025-12-31,0,0,LOW
OBH0499,Orson Barrett Houston,2 - Sales,Salesman,Bert Jason Henderson,7,17,"0,1,2,3,4,5,6",1.9285714285714288,162.0,14.821428571428571,8.607142857142858,2025-12-02,2025-12-31,0,0,LOW
MAD0496,Martin Armand Douglas,2 - Sales,Salesman,Bert Jason Henderson,8,17,"0,1,2,3,4,5,6",0.0,162.0,14.22222222222222,0.0,2025-12-02,2025-12-31,0,0,LOW
MCD0125,Mallory Charissa Dixon,2 - ManufacturingEngineering,MechanicalEngineer,Fritz Dale Ellison,8,19,"0,1,2,3,4,5,6",3.1153846153846154,95.0,8.73076923076923,0.5384615384615384,2025-12-02,2025-12-31,0,0,LOW
MCF0600,Maxwell Clark Faulkner,3 - Assembly,ProductionLineWorker,Whilemina Pandora England,8,18,"0,1,2,3,4,5,6",0.0,10.0,1.0,0.0,2025-12-02,2025-12-31,0,0,LOW
JAJ0849,Jaquelyn Angelica Jimenez,3 - Assembly,ProductionLineWorker,Amy Lucy Chen,7,18,"0,1,2,3,4,5,6",0.0,9.62962962962963,0.9629629629629628,0.0,2025-12-02,2025-12-31,0,0,LOW
PTH0830,Peter Tad Hartman,3 - Assembly,ProductionLineWorker,Amy Lucy Chen,8,19,"0,1,2,3,4,5,6",0.0,10.0,0.96,0.0,2025-12-02,2025-12-31,0,0,LOW
IIL0513,Illana Isabelle Lamb,3 - FieldService,Technician,Burke Randall Burnett,8,16,"0,1,2,3,4,5,6",0.0,30.0,2.923076923076923,0.0,2025-12-02,2025-12-31,0,0,LOW
WIQ0567,Willow Iliana Quinn,2 - SoftwareManagement,ComputerProgrammer,Stephanie Briar Harrington,8,17,"0,1,2,3,4,5,6",4.111111111111111,95.0,8.777777777777779,0.8888888888888888,2025-12-02,2025-12-31,0,0,LOW
MDH0686,Maxwell Dante Hutchinson,2 - SoftwareManagement,SoftwareEngineer,Aurora Tatiana Payne,8,18,"0,1,2,3,4,5,6",0.0,95.0,8.923076923076923,0.0,2025-12-02,2025-12-31,0,0,LOW
LDD0560,LDD0560,,,,8,17,"0,1,2,3,4,5,6",0.0,95.0,9.96,0.0,2025-12-02,2025-12-31,0,0,LOW
BVC0790,Blythe Veda Cooke,3 - FieldService,FieldServiceEngineer,Sharon Britanni Kerr,8,17,"0,1,2,3,4,5,6",2.357142857142857,88.21428571428571,8.178571428571429,2.0357142857142856,2025-12-02,2025-12-31,0,0,LOW
NMS0280,Nell Mari Schneider,3 - Engineering,Technician,Rose Hanae Yates,9,18,"0,1,2,3,4,5,6",0.925925925925926,30.0,2.555555555555556,0.5185185185185185,2025-12-02,2025-12-31,0,0,LOW
JGT0221,Jonathan Gary Terry,6 - Security,ITAdmin,Frances Alisa Wiggins,3,19,"0,1,2,3,4",0.0,108.57142857142856,10.142857142857142,0.0,2025-12-02,2025-12-31,0,0,LOW
MVH0373,MVH0373,,,,3,19,"0,1,2,3,4",0.0,108.57142857142856,9.904761904761903,0.0,2025-12-02,2025-12-31,0,0,LOW
MOS0047,Mariko Olga Snyder,6 - Security,ITAdmin,Frances Alisa Wiggins,3,20,"0,1,2,3,4",7.238095238095238,108.57142857142856,9.761904761904765,5.095238095238095,2025-12-02,2025-12-31,0,0,LOW
JTM0223,Jerry Tad Mccall,6 - Security,ITAdmin,Frances Alisa Wiggins,3,20,"0,1,2,3,4",0.0,108.3,9.75,0.0,2025-12-02,2025-12-31,0,0,LOW
TSM0363,TaShya Savannah Mcgowan,6 - Security,ITAdmin,Francis Brian Armstrong,4,18,"0,1,2,3,4",0.0,108.57142857142856,10.0,0.0,2025-12-02,2025-12-31,0,0,LOW
QNP0216,Quemby Nita Pollard,6 - Security,ITAdmin,Frances Alisa Wiggins,3,19,"0,1,2,3,4",0.0,108.57142857142856,10.333333333333334,0.0,2025-12-02,2025-12-31,0,0,LOW
JRS0362,Jackson Rafael Sutton,6 - Security,ITAdmin,Francis Brian Armstrong,3,20,"0,1,2,3,4",0.0,114.0,10.7,0.0,2025-12-02,2025-12-31,0,0,LOW
UIR0043,Ursula Idona Richard,6 - Security,ITAdmin,Frances Alisa Wiggins,4,19,"0,1,2,3,4",0.0,114.0,10.25,0.0,2025-12-02,2025-12-31,0,0,LOW
CBB0365,Cain Byron Baldwin,6 - Security,ITAdmin,Francis Brian Armstrong,2,19,"0,1,2,3,4",0.0,108.57142857142856,9.952380952380953,0.0,2025-12-02,2025-12-31,0,0,LOW
JAV0361,Joseph Alan Vaughan,6 - Security,ITAdmin,Francis Brian Armstrong,3,19,"0,1,2,3,4",0.0,108.57142857142856,10.0,0.0,2025-12-02,2025-12-31,0,0,LOW
KRV0372,Kennedy Robert Vega,6 - Security,ITAdmin,Francis Brian Armstrong,3,19,"0,1,2,3,4",0.0,108.57142857142856,10.142857142857142,0.0,2025-12-02,2025-12-31,0,0,LOW
LBC0356,Logan Branden Cherry,6 - Security,ITAdmin,Francis Brian Armstrong,3,18,"0,1,2,3,4",0.0,108.57142857142856,10.238095238095235,0.0,2025-12-02,2025-12-31,0,0,LOW
KCF0045,Kendall Ciaran Frank,6 - Security,ITAdmin,Frances Alisa Wiggins,3,20,"0,1,2,3,4",0.0,114.0,10.15,0.0,2025-12-02,2025-12-31,0,0,LOW
EIS0041,Emerald Imani Schmidt,6 - Security,ITAdmin,Frances Alisa Wiggins,3,21,"0,1,2,3,4",13.95,114.0,9.8,4.7,2025-12-02,2025-12-31,0,0,LOW
CSC0217,Cathleen Samantha Craig,6 - Security,ITAdmin,Frances Alisa Wiggins,2,18,"0,1,2,3,4",0.0,108.57142857142856,9.80952380952381,0.0,2025-12-02,2025-12-31,0,0,LOW
ACC0042,Alfonso Colin Cooley,6 - Security,ITAdmin,Frances Alisa Wiggins,2,17,"0,1,2,3,4",0.0,108.57142857142856,9.904761904761903,0.0,2025-12-02,2025-12-31,0,0,LOW
MPM0220,Meghan Phoebe Macias,6 - Security,ITAdmin,Frances Alisa Wiggins,3,17,"0,1,2,3,4",30.047619047619047,108.57142857142856,10.238095238095235,10.61904761904762,2025-12-02,2025-12-31,0,0,LOW
SAK0375,Sonia Anne Kirkland,6 - Security,ITAdmin,Francis Brian Armstrong,4,19,"0,1,2,3,4",0.0,108.57142857142856,9.857142857142858,0.0,2025-12-02,2025-12-31,0,0,LOW
GTD0219,Gareth Thomas Dickson,6 - Security,ITAdmin,Frances Alisa Wiggins,3,19,"0,1,2,3,4",10.904761904761903,108.57142857142856,10.238095238095235,3.761904761904762,2025-12-02,2025-12-31,0,0,LOW
KSP0357,Kennedy Shad Parker,6 - Security,ITAdmin,Francis Brian Armstrong,4,20,"0,1,2,3,4",0.0,108.57142857142856,10.238095238095235,0.0,2025-12-02,2025-12-31,0,0,LOW
MSH0040,Megan Simone Hess,6 - Security,ITAdmin,Frances Alisa Wiggins,3,19,"0,1,2,3,4",0.0,108.57142857142856,9.857142857142858,0.0,2025-12-02,2025-12-31,0,0,LOW
BAL0044,Byron Armand Livingston,6 - Security,ITAdmin,Frances Alisa Wiggins,4,19,"0,1,2,3,4",8.476190476190476,114.28571428571428,10.333333333333334,3.238095238095238,2025-12-02,2025-12-31,0,0,LOW
JLM0364,Jacqueline Latifah Miles,6 - Security,ITAdmin,Francis Brian Armstrong,3,18,"0,1,2,3,4",0.0,108.57142857142856,9.523809523809524,0.0,2025-12-02,2025-12-31,0,0,LOW
DMG0358,Dorothy Marny Goff,6 - Security,ITAdmin,Francis Brian Armstrong,3,18,"0,1,2,3,4",0.0,108.57142857142856,9.857142857142858,0.0,2025-12-02,2025-12-31,0,0,LOW
DFR0218,Daria Felicia Rowland,6 - Security,ITAdmin,Frances Alisa Wiggins,4,19,"0,1,2,3,4",0.0,108.57142857142856,10.428571428571429,0.0,2025-12-02,2025-12-31,0,0,LOW
CCA0046,Cyrus Connor Atkinson,6 - Security,ITAdmin,Frances Alisa Wiggins,3,18,"0,1,2,3,4",7.190476190476191,108.57142857142856,10.047619047619047,2.761904761904762,2025-12-02,2025-12-31,0,0,LOW
HWY0038,Howard Wing Yang,6 - Security,ITAdmin,Frances Alisa Wiggins,4,19,"0,1,2,3,4",0.0,108.57142857142856,9.666666666666666,0.0,2025-12-02,2025-12-31,0,0,LOW
AJF0370,Arthur John Floyd,6 - Security,ITAdmin,Francis Brian Armstrong,3,20,"0,1,2,3,4,5,6",29.63636363636364,114.0,10.590909090909092,11.772727272727272,2025-12-02,2025-12-31,0,0,LOW
MSO0222,Medge Serina Obrien,6 - Security,ITAdmin,Frances Alisa Wiggins,4,19,"0,1,2,3,4",0.0,114.0,10.7,0.0,2025-12-02,2025-12-31,0,0,LOW
JCC0225,Jack Carlos Cannon,6 - Security,ITAdmin,Frances Alisa Wiggins,4,20,"0,1,2,3,4",0.0,114.0,10.95,0.0,2025-12-02,2025-12-31,0,0,LOW
AJD0074,Alden Jesse Day,3 - Engineering,AdministrativeAssistant,Declan Lester Moss,6,15,"0,1,2,3,4,5,6",1.3478260869565215,114.0,9.956521739130435,0.391304347826087,2025-12-02,2025-12-31,0,0,LOW
KBP0008,Kirby Bo Pollard,,VicePresident,Mona Susan Shannon,6,14,"0,1,2,3,4",0.0,285.7142857142857,25.33333333333333,0.0,2025-12-02,2025-12-31,0,0,LOW
KRG0158,Kenyon Raja Galloway,,AdministrativeAssistant,Hyatt Trevor Hayes,6,14,"0,1,2,3,4",0.0,108.57142857142856,10.523809523809524,0.0,2025-12-02,2025-12-31,0,0,LOW
KBB0189,Kaye Brianna Blair,,AdministrativeAssistant,Kirby Bo Pollard,6,14,"0,1,2,3,4",0.0,108.57142857142856,10.333333333333334,0.0,2025-12-02,2025-12-31,0,0,LOW
SRH0155,Sasha Rina Huffman,3 - FinancialPlanning,AdministrativeAssistant,Libby Rosalyn Richard,6,16,"0,1,2,3,4,6",0.0,114.0,11.0,0.0,2025-12-02,2025-12-31,0,0,LOW
EIM0156,Eve Isadora Mckenzie,3 - FinancialPlanning,Statistician,Libby Rosalyn Richard,6,16,"0,1,2,3,4",0.0,95.0,8.95,0.0,2025-12-02,2025-12-31,0,0,LOW
HTH0007,Hyatt Trevor Hayes,,VicePresident,Mona Susan Shannon,6,15,"0,1,2,3,4",0.0,285.0,26.4,0.0,2025-12-02,2025-12-31,0,0,LOW
RRA0938,Rogan Reuben Alexander,2 - SoftwareManagement,SoftwareEngineer,Caleb Mason Ball,7,16,"0,1,2,3,4",0.0,95.0,8.6,0.0,2025-12-02,2025-12-31,0,0,LOW
POB0343,Preston Odysseus Bryan,3 - FieldService,Technician,Garrett Nicholas Solomon,7,18,"0,1,2,3,4",0.0,29.0,3.0,0.0,2025-12-02,2025-12-31,0,0,LOW
NMB0972,Naomi Meredith Baxter,3 - Assembly,ProductionLineWorker,Sandra Beverly Diaz,7,16,"0,1,2,3,4",0.0,10.0,1.0,0.0,2025-12-02,2025-12-31,0,0,LOW
MMG0943,MacKensie Mara Grant,2 - SoftwareManagement,SoftwareEngineer,Caleb Mason Ball,7,16,"0,1,2,3,4",0.0,95.0,8.95,0.0,2025-12-02,2025-12-31,0,0,LOW
HFB0347,Heather Fredericka Baird,3 - FieldService,Technician,Garrett Nicholas Solomon,7,18,"0,1,2,3,4",7.4,29.0,2.75,0.45,2025-12-02,2025-12-31,0,0,LOW
DJB0159,Dacey Jorden Bowen,1 - MarketAnalysis,Director,Hyatt Trevor Hayes,7,16,"0,1,2,3,4",0.0,190.0,18.35,0.0,2025-12-02,2025-12-31,0,0,LOW
DIW0118,Delilah Iliana Wilkinson,3 - Assembly,Manager,Byron Tyrone Williamson,7,16,"0,1,2,3,4",4.1,143.0,12.85,2.2,2025-12-02,2025-12-31,0,0,LOW
DFH0188,Dean Flynn Hines,3 - FieldService,Technician,Garrett Nicholas Solomon,7,18,"0,1,2,3,4",17.55,29.0,2.7,1.25,2025-12-02,2025-12-31,0,0,LOW
CJP0952,Cody Jonathan Potter,3 - Assembly,ProductionLineWorker,Sandra Beverly Diaz,7,16,"0,1,2,3,4",0.0,10.0,0.85,0.0,2025-12-02,2025-12-31,0,0,LOW
AVM0947,Ayanna Vivian Murray,3 - Assembly,ProductionLineWorker,Sandra Beverly Diaz,6,15,"0,1,2,3,4",21.80952380952381,8.571428571428571,0.9047619047619048,8.476190476190476,2025-12-02,2025-12-31,0,0,LOW
CIM0271,Colt Ishmael Mccall,3 - Engineering,ComputerScientist,Gage Kaden Odonnell,7,17,"0,1,2,3,4",4.15,95.0,9.0,2.1,2025-12-02,2025-12-31,0,0,LOW
WBC0192,Whoopi Britanney Camacho,3 - Contracts,Manager,Kirby Bo Pollard,7,17,"0,1,2,3,4",1.25,150.0,12.55,0.55,2025-12-02,2025-12-31,0,0,LOW
CSJ0340,Charity Stacey Jennings,3 - FieldService,Technician,Garrett Nicholas Solomon,7,18,"0,1,2,3,4",0.0,29.0,2.85,0.0,2025-12-02,2025-12-31,0,0,LOW
PGH0184,Peter Gil Harrington,3 - FieldService,Technician,Garrett Nicholas Solomon,7,18,"0,1,2,3,4",0.0,29.0,3.0,0.0,2025-12-02,2025-12-31,0,0,LOW
TDG0962,Tyrone Damian Garner,3 - Assembly,ProductionLineWorker,Sandra Beverly Diaz,7,16,"0,1,2,3,4",0.0,10.0,1.0,0.0,2025-12-02,2025-12-31,0,0,LOW
ROB0272,Raymond Otto Bond,3 - Engineering,SystemsEngineer,Gage Kaden Odonnell,7,17,"0,1,2,3,4",0.0,95.0,8.85,0.0,2025-12-02,2025-12-31,0,0,LOW
SGS0268,Sylvester Guy Sanders,3 - Engineering,SystemsEngineer,Gage Kaden Odonnell,7,17,"0,1,2,3,4",0.0,95.0,8.7,0.0,2025-12-02,2025-12-31,0,0,LOW
RAG0275,Rashad Aristotle Guerrero,3 - Engineering,ElectricalEngineer,Gage Kaden Odonnell,7,17,"0,1,2,3,4",0.0,95.0,8.95,0.0,2025-12-02,2025-12-31,0,0,LOW
CKH0144,Chloe Keiko Holland,4 - QualityControl,Engineer,Kimberley Kiona Sosa,7,17,"0,1,2,3,4",0.0,95.0,8.5,0.0,2025-12-02,2025-12-31,0,0,LOW
ECL0930,Edan Ciaran Larson,2 - SoftwareManagement,ComputerProgrammer,Caleb Mason Ball,7,16,"0,1,2,3,4",0.0,95.0,8.7,0.0,2025-12-02,2025-12-31,0,0,LOW
KSP0966,Kenneth Steel Porter,3 - Assembly,ProductionLineWorker,Sandra Beverly Diaz,7,16,"0,1,2,3,4",0.0,10.0,0.95,0.0,2025-12-02,2025-12-31,0,0,LOW
ICS0956,Ivy Charissa Solis,3 - Assembly,ProductionLineWorker,Sandra Beverly Diaz,7,16,"0,1,2,3,4",0.0,10.0,1.0,0.0,2025-12-02,2025-12-31,0,0,LOW
CAH0936,Constance Audrey Hicks,2 - SoftwareManagement,ComputerScientist,Caleb Mason Ball,7,16,"0,1,2,3,4",0.0,100.0,8.55,0.0,2025-12-02,2025-12-31,0,0,LOW
BAK0964,Beatrice Alexis Kidd,3 - Assembly,ProductionLineWorker,Sandra Beverly Diaz,7,16,"0,1,2,3,4",0.0,10.0,1.0,0.0,2025-12-02,2025-12-31,0,0,LOW
NIH0969,Naida Imelda Hughes,3 - Assembly,ProductionLineWorker,Sandra Beverly Diaz,7,16,"0,1,2,3,4",0.0,10.0,1.0,0.0,2025-12-02,2025-12-31,0,0,LOW
HXL0968,Holly Xerxes Lara,3 - Assembly,ProductionLineWorker,Sandra Beverly Diaz,7,16,"0,1,2,3,4",2.55,9.5,0.9,2.1,2025-12-02,2025-12-31,0,0,LOW
GKO0078,Gage Kaden Odonnell,3 - Engineering,ChiefEngineer,Declan Lester Moss,7,17,"0,1,2,3,4",2.3,180.5,16.6,1.05,2025-12-02,2025-12-31,0,0,LOW
DRR0162,Dante Raja Roberts,1 - MarketAnalysis,AdministrativeAssistant,Dacey Jorden Bowen,7,16,"0,1,2,3,4",1.6,114.0,10.75,1.9,2025-12-02,2025-12-31,0,0,LOW
XAA0104,Xander Aaron Acevedo,3 - Engineering,HardwareEngineer,Gage Kaden Odonnell,7,17,"0,1,2,3,4",1.55,95.0,8.7,0.5,2025-12-02,2025-12-31,0,0,LOW
RHC0335,Roth Hu Conner,3 - FieldService,Technician,Garrett Nicholas Solomon,7,18,"0,1,2,3,4",0.0,29.0,2.8,0.0,2025-12-02,2025-12-31,0,0,LOW
SVL0940,September Vielka Livingston,2 - SoftwareManagement,SoftwareEngineer,Caleb Mason Ball,7,16,"0,1,2,3,4",0.0,95.0,8.85,0.0,2025-12-02,2025-12-31,0,0,LOW
TNM0961,Troy Nicolas Molina,3 - Assembly,ProductionLineWorker,Sandra Beverly Diaz,7,16,"0,1,2,3,4",1.9,10.0,1.0,2.15,2025-12-02,2025-12-31,0,0,LOW
TVS0050,Todd Vance Spears,2 - SoftwareManagement,Director,Kai Wynne Craft,5,15,"0,1,2,3,4,5",0.0,180.95238095238096,17.19047619047619,0.0,2025-12-02,2025-12-31,0,0,LOW
SNS0129,Sage Nichole Savage,3 - Assembly,AdministrativeAssistant,Delilah Iliana Wilkinson,7,16,"0,1,2,3,4",0.0,114.0,10.95,0.0,2025-12-02,2025-12-31,0,0,LOW
MSD0939,Miriam Shoshana Donovan,2 - SoftwareManagement,ComputerProgrammer,Caleb Mason Ball,7,16,"0,1,2,3,4",0.0,95.0,8.8,0.0,2025-12-02,2025-12-31,0,0,LOW
MKL0941,Madonna Kristen Love,2 - SoftwareManagement,SoftwareEngineer,Caleb Mason Ball,7,16,"0,1,2,3,4",0.0,95.0,8.65,0.0,2025-12-02,2025-12-31,0,0,LOW
HCC0344,Hayley Carolyn Cunningham,3 - FieldService,Technician,Garrett Nicholas Solomon,7,18,"0,1,2,3,4",0.0,29.0,3.0,0.0,2025-12-02,2025-12-31,0,0,LOW
EHR0096,Elaine Hanna Raymond,3 - Engineering,ComputerScientist,Gage Kaden Odonnell,7,17,"0,1,2,3,4",0.0,95.0,8.95,0.0,2025-12-02,2025-12-31,0,0,LOW
BNR0965,Basia Nevada Riggs,3 - Assembly,ProductionLineWorker,Sandra Beverly Diaz,7,16,"0,1,2,3,4",0.0,10.0,0.95,0.0,2025-12-02,2025-12-31,0,0,LOW
AGB0186,Alfonso Gage Blankenship,3 - FieldService,Technician,Garrett Nicholas Solomon,7,18,"0,1,2,3,4",0.0,29.0,2.9,0.0,2025-12-02,2025-12-31,0,0,LOW
BSB0990,Bruce Sawyer Barrera,2 - SoftwareManagement,SoftwareEngineer,Todd Vance Spears,7,15,"0,1,2,3,4",0.0,95.0,8.3,0.0,2025-12-02,2025-12-31,0,0,LOW
SJC0333,Sloane Jade Cochran,3 - FieldService,Technician,Garrett Nicholas Solomon,7,18,"0,1,2,3,4",0.0,29.0,2.7,0.0,2025-12-02,2025-12-31,0,0,LOW
SPA0141,Scarlet Pearl Ashley,4 - QualityControl,AdministrativeAssistant,Kimberley Kiona Sosa,6,16,"0,1,2,3,4,5",0.0,102.85714285714286,10.095238095238097,0.0,2025-12-02,2025-12-31,0,0,LOW
HWM0342,Hanae Wendy Meyer,3 - FieldService,Technician,Garrett Nicholas Solomon,7,18,"0,1,2,3,4",0.0,29.0,3.0,0.0,2025-12-02,2025-12-31,0,0,LOW
VEB0935,Valentine Elton Britt,2 - SoftwareManagement,ComputerScientist,Caleb Mason Ball,7,16,"0,1,2,3,4",0.0,95.0,8.35,0.0,2025-12-02,2025-12-31,0,0,LOW
FXF0957,Felicia Xantha Farley,3 - Assembly,ProductionLineWorker,Sandra Beverly Diaz,7,16,"0,1,2,3,4",0.0,10.0,0.95,0.0,2025-12-02,2025-12-31,0,0,LOW
JIM0095,Jane Ignacia Mcdonald,3 - Engineering,AdministrativeAssistant,Gage Kaden Odonnell,7,17,"0,1,2,3,4",0.0,114.0,9.75,0.0,2025-12-02,2025-12-31,0,0,LOW
KDT0346,Kibo Dolan Turner,3 - FieldService,Technician,Garrett Nicholas Solomon,7,18,"0,1,2,3,4",0.0,29.0,2.75,0.0,2025-12-02,2025-12-31,0,0,LOW
NWT0098,Nehru Wyatt Tate,3 - Engineering,HardwareEngineer,Gage Kaden Odonnell,7,17,"0,1,2,3,4",1.35,95.0,8.9,2.15,2025-12-02,2025-12-31,0,0,LOW
RKF0164,Ryan Kelly Frost,1 - MarketAnalysis,Statistician,Dacey Jorden Bowen,7,16,"0,1,2,3,4",0.0,95.0,8.65,0.0,2025-12-02,2025-12-31,0,0,LOW
GNS0178,Garrett Nicholas Solomon,3 - FieldService,FieldServiceEngineer,Sharon Britanni Kerr,6,18,"0,1,2,3,4",6.25,95.0,8.95,0.25,2025-12-02,2025-12-31,0,0,LOW
ORG0339,Olivia Rose Galloway,3 - FieldService,Technician,Garrett Nicholas Solomon,7,18,"0,1,2,3,4",0.0,29.0,3.0,0.0,2025-12-02,2025-12-31,0,0,LOW
ONL0276,Octavia Nora Leblanc,3 - Engineering,ComputerScientist,Gage Kaden Odonnell,7,17,"0,1,2,3,4",0.0,95.0,8.65,0.0,2025-12-02,2025-12-31,0,0,LOW
OHC0973,Otto Hedley Chase,3 - Assembly,ProductionLineWorker,Sandra Beverly Diaz,7,16,"0,1,2,3,4",0.0,10.0,0.9,0.0,2025-12-02,2025-12-31,0,0,LOW
AKK0329,Anastasia Kylan Kaufman,3 - FieldService,Technician,Garrett Nicholas Solomon,7,18,"0,1,2,3,4",0.0,29.0,2.95,0.0,2025-12-02,2025-12-31,0,0,LOW
MKS0204,MacKenzie Kristen Stewart,3 - Contracts,Attorney,Whoopi Britanney Camacho,7,17,"0,1,2,3,4",0.0,108.0,10.9,0.0,2025-12-02,2025-12-31,0,0,LOW
GCG0951,Grant Camden Gay,3 - Assembly,ProductionLineWorker,Sandra Beverly Diaz,7,16,"0,1,2,3,4",0.0,10.0,0.95,0.0,2025-12-02,2025-12-31,0,0,LOW
MAE0331,Magee Ashton Evans,3 - FieldService,Technician,Garrett Nicholas Solomon,7,18,"0,1,2,3,4",0.0,29.0,2.9,0.0,2025-12-02,2025-12-31,0,0,LOW
CSL0949,Cameron Shay Lester,3 - Assembly,ProductionLineWorker,Sandra Beverly Diaz,7,16,"0,1,2,3,4",0.0,10.0,0.95,0.0,2025-12-02,2025-12-31,0,0,LOW
RVF0201,Reuben Victor Freeman,3 - Contracts,AdministrativeAssistant,Whoopi Britanney Camacho,7,17,"0,1,2,3,4",0.9,114.0,10.9,1.1,2025-12-02,2025-12-31,0,0,LOW
GNZ0953,Graiden Nehru Zimmerman,3 - Assembly,ProductionLineWorker,Sandra Beverly Diaz,7,16,"0,1,2,3,4",0.0,10.0,1.0,0.0,2025-12-02,2025-12-31,0,0,LOW
LHB0967,Leo Hasad Byrd,3 - Assembly,ProductionLineWorker,Sandra Beverly Diaz,7,16,"0,1,2,3,4",0.0,10.0,1.0,0.0,2025-12-02,2025-12-31,0,0,LOW
LRW0970,Lilah Renee Wagner,3 - Assembly,ProductionLineWorker,Sandra Beverly Diaz,7,16,"0,1,2,3,4",0.0,10.0,1.0,0.0,2025-12-02,2025-12-31,0,0,LOW
MAR0955,Micah Abdul Rojas,3 - Assembly,ProductionLineWorker,Sandra Beverly Diaz,7,16,"0,1,2,3,4",0.0,10.0,0.9,0.0,2025-12-02,2025-12-31,0,0,LOW
NCH0179,Nina Camille Hodges,3 - FieldService,AdministrativeAssistant,Garrett Nicholas Solomon,7,18,"0,1,2,3,4",0.0,114.0,10.6,0.0,2025-12-02,2025-12-31,0,0,LOW
PMC0328,Penelope Montana Colon,3 - FieldService,Technician,Garrett Nicholas Solomon,7,18,"0,1,2,3,4",2.15,29.0,2.95,1.2,2025-12-02,2025-12-31,0,0,LOW
SBD0913,Sandra Beverly Diaz,3 - Assembly,AssemblySupervisor,Delilah Iliana Wilkinson,7,16,"0,1,2,3,4",0.0,29.0,2.95,0.0,2025-12-02,2025-12-31,0,0,LOW
SHR0334,Salvador Herman Raymond,3 - FieldService,Technician,Garrett Nicholas Solomon,7,18,"0,1,2,3,4",0.0,29.0,2.9,0.0,2025-12-02,2025-12-31,0,0,LOW
CWB0065,Chadwick Wayne Bond,2 - SoftwareManagement,ComputerScientist,Todd Vance Spears,7,15,"0,1,2,3,4",0.0,95.0,8.95,0.0,2025-12-02,2025-12-31,0,0,LOW
KKS0119,Kimberley Kiona Sosa,4 - QualityControl,Manager,Byron Tyrone Williamson,6,16,"0,1,2,3,4",0.0,136.1904761904762,13.095238095238097,0.0,2025-12-02,2025-12-31,0,0,LOW
DVW0103,Dante Vaughan Weber,3 - Engineering,SystemsEngineer,Gage Kaden Odonnell,7,17,"0,1,2,3,4",0.0,95.0,8.8,0.0,2025-12-02,2025-12-31,0,0,LOW
JMK0099,Jakeem Magee Knight,3 - Engineering,SystemsEngineer,Gage Kaden Odonnell,7,17,"0,1,2,3,4",1.1,95.0,8.7,0.4,2025-12-02,2025-12-31,0,0,LOW
DHM0937,Dominic Howard Mcconnell,2 - SoftwareManagement,ComputerProgrammer,Caleb Mason Ball,7,16,"0,1,2,3,4",0.0,95.0,8.85,0.0,2025-12-02,2025-12-31,0,0,LOW
OMS0101,Ocean Maite Summers,3 - Engineering,ComputerScientist,Gage Kaden Odonnell,7,17,"0,1,2,3,4",0.0,95.0,8.9,0.0,2025-12-02,2025-12-31,0,0,LOW
SNC0187,Stuart Nicolas Cervantes,3 - FieldService,Technician,Garrett Nicholas Solomon,7,18,"0,1,2,3,4",6.65,29.0,3.0,0.3,2025-12-02,2025-12-31,0,0,LOW
WAB0143,William Aladdin Bennett,4 - QualityControl,Statistician,Kimberley Kiona Sosa,7,17,"0,1,2,3,4",0.0,95.0,7.95,0.0,2025-12-02,2025-12-31,0,0,LOW
FPC0954,Fletcher Perry Cantu,3 - Assembly,ProductionLineWorker,Sandra Beverly Diaz,7,16,"0,1,2,3,4",0.0,10.0,0.95,0.0,2025-12-02,2025-12-31,0,0,LOW
KAT0270,Kirby Amity Tyson,3 - Engineering,ElectricalEngineer,Gage Kaden Odonnell,7,17,"0,1,2,3,4",0.0,95.0,9.0,0.0,2025-12-02,2025-12-31,0,0,LOW
ZJS0269,Zorita Jaime Spears,3 - Engineering,HardwareEngineer,Gage Kaden Odonnell,7,17,"0,1,2,3,4",0.0,95.0,8.55,0.0,2025-12-02,2025-12-31,0,0,LOW
ASV0946,Alice Sierra Valenzuela,3 - Assembly,ProductionLineWorker,Sandra Beverly Diaz,7,16,"0,1,2,3,4",0.0,10.0,0.95,0.0,2025-12-02,2025-12-31,0,0,LOW
OQH0183,Olivia Quynn Hardy,3 - FieldService,Technician,Garrett Nicholas Solomon,7,18,"0,1,2,3,4",0.0,29.0,2.85,0.0,2025-12-02,2025-12-31,0,0,LOW
JGM0934,Jared Geoffrey Morin,2 - SoftwareManagement,SoftwareEngineer,Caleb Mason Ball,7,16,"0,1,2,3,4",0.0,95.0,8.95,0.0,2025-12-02,2025-12-31,0,0,LOW
HLM0933,Hadley Leandra May,2 - SoftwareManagement,SoftwareEngineer,Caleb Mason Ball,7,16,"0,1,2,3,4",0.0,95.0,8.95,0.0,2025-12-02,2025-12-31,0,0,LOW
QNF0205,Quentin Nolan Fitzpatrick,3 - Contracts,Attorney,Whoopi Britanney Camacho,7,17,"0,1,2,3,4",0.0,114.0,10.7,0.0,2025-12-02,2025-12-31,0,0,LOW
OMM0944,Octavia May Maddox,3 - Assembly,ProductionLineWorker,Sandra Beverly Diaz,7,16,"0,1,2,3,4",0.0,10.0,0.95,0.0,2025-12-02,2025-12-31,0,0,LOW
AIB0948,Ariel Ina Barrett,3 - Assembly,ProductionLineWorker,Sandra Beverly Diaz,6,15,"0,1,2,3,4",3.857142857142857,9.523809523809524,0.9047619047619048,8.238095238095237,2025-12-02,2025-12-31,0,0,LOW
BLL0929,Bethany Lydia Lyons,2 - SoftwareManagement,ComputerScientist,Caleb Mason Ball,7,16,"0,1,2,3,4",0.0,95.0,8.3,0.0,2025-12-02,2025-12-31,0,0,LOW
CAM0102,Chandler Ashton Madden,3 - Engineering,ComputerScientist,Gage Kaden Odonnell,7,17,"0,1,2,3,4",0.0,95.0,8.95,0.0,2025-12-02,2025-12-31,0,0,LOW
DOL0332,Damian Omar Le,3 - FieldService,Technician,Garrett Nicholas Solomon,7,18,"0,1,2,3,4",0.0,29.0,2.8,0.0,2025-12-02,2025-12-31,0,0,LOW
ELH0960,Emerald Lysandra Hodges,3 - Assembly,ProductionLineWorker,Sandra Beverly Diaz,7,16,"0,1,2,3,4",0.0,10.0,0.9,0.0,2025-12-02,2025-12-31,0,0,LOW
ENL0100,Ella Nita Lewis,3 - Engineering,ElectricalEngineer,Gage Kaden Odonnell,7,17,"0,1,2,3,4",0.0,95.0,8.7,0.0,2025-12-02,2025-12-31,0,0,LOW
GCC0945,George Cade Chen,3 - Assembly,ProductionLineWorker,Sandra Beverly Diaz,7,16,"0,1,2,3,4",0.0,10.0,1.0,0.0,2025-12-02,2025-12-31,0,0,LOW
ILH0958,Irene Lacota Huffman,3 - Assembly,ProductionLineWorker,Sandra Beverly Diaz,7,16,"0,1,2,3,4",8.25,10.0,0.95,0.45,2025-12-02,2025-12-31,0,0,LOW
WRM0963,Wynter Rose Mercer,3 - Assembly,ProductionLineWorker,Sandra Beverly Diaz,7,16,"0,1,2,3,4",0.0,10.0,1.0,0.0,2025-12-02,2025-12-31,0,0,LOW
SSS0345,Sybill Sage Shaw,3 - FieldService,Technician,Garrett Nicholas Solomon,7,18,"0,1,2,3,4",0.0,29.0,2.95,0.0,2025-12-02,2025-12-31,0,0,LOW
JSH0330,Judith Shaeleigh Hayden,3 - FieldService,Technician,Garrett Nicholas Solomon,7,18,"0,1,2,3,4",0.0,29.0,2.9,0.0,2025-12-02,2025-12-31,0,0,LOW
ATF0274,Alea Tana Ferrell,3 - Engineering,HardwareEngineer,Gage Kaden Odonnell,7,17,"0,1,2,3,4",0.0,95.0,8.95,0.0,2025-12-02,2025-12-31,0,0,LOW
NCE0097,Nehru Cyrus Everett,3 - Engineering,SystemsEngineer,Gage Kaden Odonnell,7,17,"0,1,2,3,4",0.0,100.0,8.95,0.0,2025-12-02,2025-12-31,0,0,LOW
CFG0959,Cassidy Florence Gibbs,3 - Assembly,ProductionLineWorker,Sandra Beverly Diaz,7,16,"0,1,2,3,4",0.0,10.0,0.95,0.0,2025-12-02,2025-12-31,0,0,LOW
CGF0337,Chaim Grant Fernandez,3 - FieldService,Technician,Garrett Nicholas Solomon,7,18,"0,1,2,3,4",0.0,29.0,3.0,0.0,2025-12-02,2025-12-31,0,0,LOW
FKB0163,Francis Kane Buckner,1 - MarketAnalysis,Statistician,Dacey Jorden Bowen,7,16,"0,1,2,3,4",0.0,95.0,8.7,0.0,2025-12-02,2025-12-31,0,0,LOW
JJM0203,Jonathan John Martinez,3 - Contracts,Engineer,Whoopi Britanney Camacho,7,17,"0,1,2,3,4",2.6,95.0,8.95,1.85,2025-12-02,2025-12-31,0,0,LOW
RSM0277,Roanna Sacha Monroe,3 - Engineering,SystemsEngineer,Gage Kaden Odonnell,7,17,"0,1,2,3,4",0.5,95.0,8.7,0.9,2025-12-02,2025-12-31,0,0,LOW
BWP0202,Baxter William Price,3 - Contracts,Attorney,Whoopi Britanney Camacho,6,16,"0,1,2,3,4,5",1.3333333333333333,108.57142857142856,9.952380952380953,0.3333333333333333,2025-12-02,2025-12-31,0,0,LOW
SGM0021,Sybill Grace Mckay,2 - EmployeeRelations,AdministrativeAssistant,Blaze Trevor Stone,7,15,"0,1,2,3,4",7.9,114.0,9.9,3.1,2025-12-02,2025-12-31,0,0,LOW
RGG0064,Riley Ginger Guy,2 - SoftwareManagement,SoftwareEngineer,Todd Vance Spears,6,14,"0,1,2,3,4",0.0,90.47619047619048,8.904761904761905,0.0,2025-12-02,2025-12-31,0,0,LOW
AJR0932,Amal Judah Rich,2 - SoftwareManagement,ComputerProgrammer,Caleb Mason Ball,7,16,"0,1,2,3,4",0.0,95.0,9.0,0.0,2025-12-02,2025-12-31,0,0,LOW
NHH0185,Nathaniel Hunter Heath,3 - FieldService,Technician,Garrett Nicholas Solomon,7,18,"0,1,2,3,4",0.0,27.0,2.9,0.0,2025-12-02,2025-12-31,0,0,LOW
KRL0062,Keaton Ronan Leonard,2 - SoftwareManagement,AdministrativeAssistant,Todd Vance Spears,7,15,"0,1,2,3,4",0.0,114.0,10.9,0.0,2025-12-02,2025-12-31,0,0,LOW
CXC0336,Casey Xerxes Conrad,3 - FieldService,Technician,Garrett Nicholas Solomon,7,18,"0,1,2,3,4",0.0,29.0,2.95,0.0,2025-12-02,2025-12-31,0,0,LOW
CCH0182,Clayton Clark Humphrey,3 - FieldService,Technician,Garrett Nicholas Solomon,7,18,"0,1,2,3,4",0.0,29.0,2.9,0.0,2025-12-02,2025-12-31,0,0,LOW
BBS0039,Bevis Brady Sheppard,6 - Security,ITAdmin,Frances Alisa Wiggins,2,20,"0,1,2,3,4",0.0,108.57142857142856,10.285714285714286,0.0,2025-12-02,2025-12-31,0,0,LOW
SJF0094,Shea Jane Franks,3 - Engineering,MaterialsEngineer,Ainsley MacKensie Doyle,7,15,"0,1,2,3,4",0.0,95.0,9.7,0.0,2025-12-02,2025-12-31,0,0,LOW
KTG0091,Kendall Thaddeus Glover,3 - Engineering,MaterialsEngineer,Ainsley MacKensie Doyle,7,15,"0,1,2,3,4",0.0,95.0,8.4,0.0,2025-12-02,2025-12-31,0,0,LOW
NKH0979,Nathan Kenneth Hicks,2 - EmployeeRelations,HumanResourceSpecialist,Blaze Trevor Stone,7,15,"0,1,2,3,4",0.0,114.0,10.55,0.0,2025-12-02,2025-12-31,0,0,LOW
USH0199,Upton Sebastian Holt,2 - Pricing,Statistician,Eugenia Whilemina Harrington,7,15,"0,1,2,3,4",0.9,95.0,8.95,0.7,2025-12-02,2025-12-31,0,0,LOW
CFW0264,CFW0264,,,,7,15,"0,1,2,3,4",0.0,95.0,8.65,0.0,2025-12-02,2025-12-31,0,0,LOW
RDM0115,Rina Denise Mcgee,,AdministrativeAssistant,Byron Tyrone Williamson,7,16,"0,1,2,3,4",0.0,114.0,10.55,0.0,2025-12-02,2025-12-31,0,0,LOW
BTS0011,Blaze Trevor Stone,2 - EmployeeRelations,Director,Halla Cathleen Simmons,7,15,"0,1,2,3,4",0.0,190.0,17.5,0.0,2025-12-02,2025-12-31,0,0,LOW
LMF0980,Leonard Malachi Floyd,2 - EmployeeRelations,HumanResourceSpecialist,Blaze Trevor Stone,7,15,"0,1,2,3,4",0.0,114.0,10.3,0.0,2025-12-02,2025-12-31,0,0,LOW
YDN0198,Yasir Dexter Nelson,2 - Pricing,AdministrativeAssistant,Eugenia Whilemina Harrington,7,15,"0,1,2,3,4",0.0,114.0,10.85,0.0,2025-12-02,2025-12-31,0,0,LOW
EWH0191,Eugenia Whilemina Harrington,2 - Pricing,Manager,Kirby Bo Pollard,7,15,"0,1,2,3,4",0.0,143.0,13.8,0.0,2025-12-02,2025-12-31,0,0,LOW
TEM0093,Thaddeus Emery Martin,3 - Engineering,MaterialsEngineer,Ainsley MacKensie Doyle,7,15,"0,1,2,3,4",0.0,95.0,8.7,0.0,2025-12-02,2025-12-31,0,0,LOW
LDB0090,Lani Dai Beard,3 - Engineering,AdministrativeAssistant,Ainsley MacKensie Doyle,7,15,"0,1,2,3,4",0.0,114.0,10.65,0.0,2025-12-02,2025-12-31,0,0,LOW
CJK0200,Cora Jane Kinney,2 - Pricing,PurchasingClerk,Eugenia Whilemina Harrington,7,15,"0,1,2,3,4",0.0,114.0,10.95,0.0,2025-12-02,2025-12-31,0,0,LOW
BTW0005,Byron Tyrone Williamson,,VicePresident,Mona Susan Shannon,7,16,"0,1,2,3,4",0.0,285.0,23.5,0.0,2025-12-02,2025-12-31,0,0,LOW
IAT0263,Ivor Amir Tucker,3 - Engineering,MaterialsEngineer,Ainsley MacKensie Doyle,7,15,"0,1,2,3,4",0.0,95.0,8.45,0.0,2025-12-02,2025-12-31,0,0,LOW
HCM0267,Hall Colorado Morin,3 - Engineering,MaterialsEngineer,Ainsley MacKensie Doyle,7,15,"0,1,2,3,4",23.45,90.0,8.7,8.45,2025-12-02,2025-12-31,0,0,LOW
IIA0092,Ingrid Irene Atkins,3 - Engineering,MaterialsEngineer,Ainsley MacKensie Doyle,7,15,"0,1,2,3,4",0.0,95.0,8.85,0.0,2025-12-02,2025-12-31,0,0,LOW
FAW0032,Frances Alisa Wiggins,6 - Security,Manager,Fatima Ulla Mcclure,7,15,"0,1,2,3,4",0.0,143.0,13.95,0.0,2025-12-02,2025-12-31,0,0,LOW
AMD0077,Ainsley MacKensie Doyle,3 - Engineering,ChiefEngineer,Declan Lester Moss,7,15,"0,1,2,3,4",0.0,190.0,17.55,0.0,2025-12-02,2025-12-31,0,0,LOW
KNB0022,Keane Nicholas Blevins,2 - EmployeeRelations,HumanResourceSpecialist,Blaze Trevor Stone,7,15,"0,1,2,3,4",0.0,114.0,11.0,0.0,2025-12-02,2025-12-31,0,0,LOW
RMS0266,Roth Mannix Simon,3 - Engineering,MaterialsEngineer,Ainsley MacKensie Doyle,7,15,"0,1,2,3,4",0.0,95.0,8.7,0.0,2025-12-02,2025-12-31,0,0,LOW
FRB0023,Felicia Rhona Butler,2 - EmployeeRelations,HumanResourceSpecialist,Blaze Trevor Stone,7,15,"0,1,2,3,4",0.0,114.0,10.15,0.0,2025-12-02,2025-12-31,0,0,LOW
SER0165,Stephanie Eliana Rasmussen,2 - Sales,AdministrativeAssistant,Donovan Carlos Chapman,7,18,"0,1,2,3,4",0.0,114.0,10.6,0.0,2025-12-02,2025-12-31,0,0,LOW
DVM0265,Deborah Victoria Mcclure,3 - Engineering,MaterialsEngineer,Ainsley MacKensie Doyle,7,15,"0,1,2,3,4",0.0,100.0,8.85,0.0,2025-12-02,2025-12-31,0,0,LOW
MNS0224,Medge Nichole Sims,6 - Security,ITAdmin,Frances Alisa Wiggins,3,19,"0,1,2,3,4",0.0,108.57142857142856,10.0,0.0,2025-12-02,2025-12-31,0,0,LOW
RLB0719,Risa Laura Bolton,3 - Assembly,ProductionLineWorker,Alan Benjamin Holder,6,16,"0,1,2,3,4",0.0,10.0,1.0,0.0,2025-12-02,2025-12-31,0,0,LOW
CTR0697,Cherokee Tashya Ramirez,3 - Assembly,ProductionLineWorker,Alan Benjamin Holder,7,16,"0,1,2,3,4",0.0,10.0,0.95,0.0,2025-12-02,2025-12-31,0,0,LOW
NAR0981,Nigel Addison Rios,3 - Training,ComputerTrainer,Walter Kaseem Foley,7,17,"0,1,2,3,4",0.0,95.0,8.4,0.0,2025-12-02,2025-12-31,0,0,LOW
MNC0717,Mufutau Nehru Contreras,3 - Assembly,ProductionLineWorker,Alan Benjamin Holder,7,16,"0,1,2,3,4",0.0,10.0,0.95,0.0,2025-12-02,2025-12-31,0,0,LOW
MCF0327,Martina Cassandra Fields,2 - Sales,Salesman,Meredith Ainsley Wolf,7,15,"0,1,2,3,4",0.0,162.0,14.85,0.0,2025-12-02,2025-12-31,0,0,LOW
MAW0166,Meredith Ainsley Wolf,2 - Sales,Manager,Donovan Carlos Chapman,7,15,"0,1,2,3,4",0.0,143.0,12.65,0.0,2025-12-02,2025-12-31,0,0,LOW
LTS0860,Leila Tallulah Steele,2 - Sales,Salesman,Hashim Damon Dudley,7,17,"0,1,2,3,4",0.0,162.0,14.95,0.0,2025-12-02,2025-12-31,0,0,LOW
DCC0160,Donovan Carlos Chapman,2 - Sales,Director,Hyatt Trevor Hayes,7,18,"0,1,2,3,4",0.0,190.0,17.35,0.0,2025-12-02,2025-12-31,0,0,LOW
NJC0705,Nicolas James Cantu,3 - Assembly,ProductionLineWorker,Alan Benjamin Holder,7,16,"0,1,2,3,4",0.0,10.0,1.0,0.0,2025-12-02,2025-12-31,0,0,LOW
SJO0209,Samson Jeremy Ortega,6 - Security,SecurityGuard,Clinton Coby Wolfe,7,15,"0,1,2,3,4",0.85,143.0,13.0,0.2,2025-12-02,2025-12-31,0,0,LOW
NAF0033,Nicolas Alvin Fitzpatrick,6 - Security,SecurityGuard,Clinton Coby Wolfe,7,15,"0,1,2,3,4",0.0,143.0,13.0,0.0,2025-12-02,2025-12-31,0,0,LOW
MIL0255,Mercedes Ina Landry,3 - Engineering,ElectricalEngineer,Dylan Tiger Terry,7,16,"0,1,2,3,4",0.0,95.0,9.0,0.0,2025-12-02,2025-12-31,0,0,LOW
AMM0014,Alec Mannix Mcneil,5 - Medical,Director,Halla Cathleen Simmons,7,18,"0,1,2,3,4",0.0,190.0,17.9,0.0,2025-12-02,2025-12-31,0,0,LOW
AKF0709,Amity Kendall Foley,3 - Assembly,ProductionLineWorker,Alan Benjamin Holder,7,16,"0,1,2,3,4",0.0,10.0,0.95,0.0,2025-12-02,2025-12-31,0,0,LOW
IMG0320,Isabella Marah Graham,2 - Sales,Salesman,Meredith Ainsley Wolf,7,15,"0,1,2,3,4",0.0,162.0,14.85,0.0,2025-12-02,2025-12-31,0,0,LOW
WBC0315,William Beau Callahan,2 - Sales,Salesman,Meredith Ainsley Wolf,7,15,"0,1,2,3,4",0.0,153.9,14.1,0.0,2025-12-02,2025-12-31,0,0,LOW
RNP0211,Rowan Neve Parks,6 - Security,SecurityGuard,Clinton Coby Wolfe,7,15,"0,1,2,3,4",9.05,143.0,13.1,2.75,2025-12-02,2025-12-31,0,0,LOW
PES0085,Patricia Emily Salazar,3 - Engineering,AdministrativeAssistant,Dylan Tiger Terry,7,16,"0,1,2,3,4",0.0,114.0,10.25,0.0,2025-12-02,2025-12-31,0,0,LOW
NBH0256,Nicolas Brandon Hendrix,3 - Engineering,ElectricalEngineer,Dylan Tiger Terry,7,16,"0,1,2,3,4",0.0,95.0,8.65,0.0,2025-12-02,2025-12-31,0,0,LOW
KVT0028,Kessie Vielka Trevino,5 - Medical,Nurse,Alec Mannix Mcneil,7,18,"0,1,2,3,4",0.0,95.0,8.95,0.0,2025-12-02,2025-12-31,0,0,LOW
KBL0260,Kermit Beau Leach,3 - Engineering,ElectricalEngineer,Dylan Tiger Terry,7,16,"0,1,2,3,4",0.0,95.0,8.45,0.0,2025-12-02,2025-12-31,0,0,LOW
AMV0036,Aquila Mark Vega,6 - Security,SecurityGuard,Clinton Coby Wolfe,7,15,"0,1,2,3,4",0.0,143.0,13.55,0.0,2025-12-02,2025-12-31,0,0,LOW
BBG0325,Blair Bruno Grimes,2 - Sales,Salesman,Meredith Ainsley Wolf,7,15,"0,1,2,3,4",1.5,162.0,14.75,1.05,2025-12-02,2025-12-31,0,0,LOW
ABH0663,Alan Benjamin Holder,3 - Assembly,AssemblySupervisor,Delilah Iliana Wilkinson,7,16,"0,1,2,3,4",0.0,29.0,2.9,0.0,2025-12-02,2025-12-31,0,0,LOW
DBG0261,Devin Brett Guzman,3 - Engineering,ElectricalEngineer,Dylan Tiger Terry,7,16,"0,1,2,3,4",0.0,95.0,8.7,0.0,2025-12-02,2025-12-31,0,0,LOW
RAR0725,Raphael Aristotle Ray,3 - Assembly,ProductionLineWorker,Alan Benjamin Holder,7,16,"0,1,2,3,4",2.55,10.0,1.0,1.9,2025-12-02,2025-12-31,0,0,LOW
RJB0088,Roary Jane Barrett,3 - Engineering,ElectricalEngineer,Dylan Tiger Terry,7,16,"0,1,2,3,4",0.0,95.0,8.45,0.0,2025-12-02,2025-12-31,0,0,LOW
RLG0856,Risa Lana Guthrie,2 - Sales,Salesman,Hashim Damon Dudley,6,17,"0,1,2,3,4",0.9,170.0,14.4,1.3,2025-12-02,2025-12-31,0,0,LOW
WXH0872,Wynne Xyla Hartman,2 - Sales,Salesman,Hashim Damon Dudley,7,17,"0,1,2,3,4",2.6,162.0,14.2,1.8,2025-12-02,2025-12-31,0,0,LOW
YCE0983,Yardley Cairo Elliott,3 - Training,ManagementTrainer,Walter Kaseem Foley,7,17,"0,1,2,3,4",0.0,95.0,8.4,0.0,2025-12-02,2025-12-31,0,0,LOW
CLH0703,Colin Lawrence Holder,3 - Assembly,ProductionLineWorker,Alan Benjamin Holder,7,16,"0,1,2,3,4",0.0,10.0,0.95,0.0,2025-12-02,2025-12-31,0,0,LOW
HDD0789,Hashim Damon Dudley,2 - Sales,Manager,Donovan Carlos Chapman,7,17,"0,1,2,3,4",0.0,143.0,13.95,0.0,2025-12-02,2025-12-31,0,0,LOW
KCS0173,Kenyon Chancellor Sharpe,2 - Sales,Salesman,Meredith Ainsley Wolf,7,15,"0,1,2,3,4",0.9,153.0,13.8,0.65,2025-12-02,2025-12-31,0,0,LOW
PDW0259,Patricia Denise Wright,3 - Engineering,ElectricalEngineer,Dylan Tiger Terry,7,16,"0,1,2,3,4",0.0,95.0,9.0,0.0,2025-12-02,2025-12-31,0,0,LOW
NSS0876,Natalie Sheila Santiago,2 - Sales,Salesman,Hashim Damon Dudley,7,17,"0,1,2,3,4",0.0,162.0,14.55,0.0,2025-12-02,2025-12-31,0,0,LOW
ABC0253,Alec Boris Chase,3 - Engineering,ElectricalEngineer,Dylan Tiger Terry,7,16,"0,1,2,3,4",0.0,95.0,8.65,0.0,2025-12-02,2025-12-31,0,0,LOW
WAS0254,William Aristotle Sampson,3 - Engineering,ElectricalEngineer,Dylan Tiger Terry,7,16,"0,1,2,3,4",0.0,95.0,8.65,0.0,2025-12-02,2025-12-31,0,0,LOW
SDO0170,Samson Denton Oconnor,2 - Sales,Salesman,Meredith Ainsley Wolf,7,15,"0,1,2,3,4",0.0,162.0,13.85,0.0,2025-12-02,2025-12-31,0,0,LOW
JJB0700,Julie Jaime Burns,3 - Assembly,ProductionLineWorker,Alan Benjamin Holder,7,16,"0,1,2,3,4",0.0,10.0,0.9,0.0,2025-12-02,2025-12-31,0,0,LOW
CLF0852,Candice Lunea Fischer,2 - Sales,Salesman,Hashim Damon Dudley,7,17,"0,1,2,3,4",0.0,162.0,14.85,0.0,2025-12-02,2025-12-31,0,0,LOW
AIP0982,Althea Ina Palmer,3 - Training,ManagementTrainer,Walter Kaseem Foley,7,17,"0,1,2,3,4",16.4,100.0,9.95,1.05,2025-12-02,2025-12-31,0,0,LOW
UFK0208,Ulric Ferdinand Knapp,6 - Security,SecurityGuard,Clinton Coby Wolfe,7,15,"0,1,2,3,4",0.0,143.0,13.55,0.0,2025-12-02,2025-12-31,0,0,LOW
ZJE0857,Zenaida Justine England,2 - Sales,Salesman,Hashim Damon Dudley,7,17,"0,1,2,3,4,5,6",0.0,162.0,14.772727272727272,0.0,2025-12-02,2025-12-31,0,0,LOW
LOF0311,Lionel Omar Fisher,2 - Sales,Salesman,Meredith Ainsley Wolf,7,15,"0,1,2,3,4",0.0,162.0,14.85,0.0,2025-12-02,2025-12-31,0,0,LOW
LNS0989,Lamar Nissim Strickland,5 - Medical,NursePractitioner,Alec Mannix Mcneil,7,18,"0,1,2,3,4",0.0,95.0,8.65,0.0,2025-12-02,2025-12-31,0,0,LOW
DPS0262,Delilah Pearl Schneider,3 - Engineering,ElectricalEngineer,Dylan Tiger Terry,6,16,"0,1,2,3,4",0.0,95.0,8.5,0.0,2025-12-02,2025-12-31,0,0,LOW
AJP0723,Ann Jolie Potts,3 - Assembly,ProductionLineWorker,Alan Benjamin Holder,7,16,"0,1,2,3,4",0.0,10.0,1.0,0.0,2025-12-02,2025-12-31,0,0,LOW
RTO0313,Raymond Tate Osborne,2 - Sales,Salesman,Meredith Ainsley Wolf,6,15,"0,1,2,3,4",0.0,162.0,14.65,0.0,2025-12-02,2025-12-31,0,0,LOW
MKP0861,Macon Kyle Pope,2 - Sales,Salesman,Hashim Damon Dudley,7,17,"0,1,2,3,4",0.0,162.0,14.35,0.0,2025-12-02,2025-12-31,0,0,LOW
CCM0855,Chanda Celeste Mosley,2 - Sales,Salesman,Hashim Damon Dudley,7,17,"0,1,2,3,4",0.0,162.0,14.75,0.0,2025-12-02,2025-12-31,0,0,LOW
JCG0316,Josiah Chester Gray,2 - Sales,Salesman,Meredith Ainsley Wolf,7,15,"0,1,2,3,4",6.9,162.0,14.6,1.9,2025-12-02,2025-12-31,0,0,LOW
IDO0176,Ira Dustin Oneill,2 - Sales,Salesman,Meredith Ainsley Wolf,7,15,"0,1,2,3,4",0.0,162.0,14.55,0.0,2025-12-02,2025-12-31,0,0,LOW
RYB0718,Ruth Yael Burris,3 - Assembly,ProductionLineWorker,Alan Benjamin Holder,7,16,"0,1,2,3,4",0.0,10.0,0.95,0.0,2025-12-02,2025-12-31,0,0,LOW
YJV0699,Yvette Jeanette Vang,3 - Assembly,ProductionLineWorker,Alan Benjamin Holder,7,16,"0,1,2,3,4",0.0,10.0,0.95,0.0,2025-12-02,2025-12-31,0,0,LOW
XLB0710,Xanthus Louis Buck,3 - Assembly,ProductionLineWorker,Alan Benjamin Holder,7,16,"0,1,2,3,4",0.0,10.0,0.9,0.0,2025-12-02,2025-12-31,0,0,LOW
KQC0708,Kevyn Quin Charles,3 - Assembly,ProductionLineWorker,Alan Benjamin Holder,7,16,"0,1,2,3,4",0.0,10.0,1.0,0.0,2025-12-02,2025-12-31,0,0,LOW
DLH0029,Diana Leigh Hays,5 - Medical,NursePractitioner,Alec Mannix Mcneil,7,18,"0,1,2,3,4",0.0,95.0,8.75,0.0,2025-12-02,2025-12-31,0,0,LOW
CCW0031,Clinton Coby Wolfe,6 - Security,Manager,Fatima Ulla Mcclure,7,15,"0,1,2,3,4",0.0,143.0,13.75,0.0,2025-12-02,2025-12-31,0,0,LOW
FGW0853,Florence Gloria Whitney,2 - Sales,Salesman,Hashim Damon Dudley,6,16,"0,1,2,3,4,5",0.0,154.28571428571428,13.142857142857142,0.0,2025-12-02,2025-12-31,0,0,LOW
PEV0323,Plato Ethan Valdez,2 - Sales,Salesman,Meredith Ainsley Wolf,6,15,"0,1,2,3,4",0.0,162.0,15.15,0.0,2025-12-02,2025-12-31,0,0,LOW
JRG0207,Joseph Raja Gaines,6 - Security,SecurityGuard,Clinton Coby Wolfe,7,15,"0,1,2,3,4",0.0,143.0,13.85,0.0,2025-12-02,2025-12-31,0,0,LOW
AAL0706,April Alika Levy,3 - Assembly,ProductionLineWorker,Alan Benjamin Holder,7,16,"0,1,2,3,4",0.0,10.0,1.0,0.0,2025-12-02,2025-12-31,0,0,LOW
SAP0867,Sawyer Arden Puckett,2 - Sales,Salesman,Hashim Damon Dudley,7,17,"0,1,2,3,4",0.0,162.0,15.0,0.0,2025-12-02,2025-12-31,0,0,LOW
FQA0854,Fulton Quinn Avery,2 - Sales,Salesman,Hashim Damon Dudley,7,17,"0,1,2,3,4",0.0,162.0,13.4,0.0,2025-12-02,2025-12-31,0,0,LOW
MCT0720,Macey Christen Turner,3 - Assembly,ProductionLineWorker,Alan Benjamin Holder,7,16,"0,1,2,3,4",0.0,10.0,0.95,0.0,2025-12-02,2025-12-31,0,0,LOW
FWM0707,Fitzgerald Wayne Miranda,3 - Assembly,ProductionLineWorker,Alan Benjamin Holder,7,16,"0,1,2,3,4",0.0,10.0,0.95,0.0,2025-12-02,2025-12-31,0,0,LOW
IBB0696,Isadora Buffy Brewer,3 - Assembly,ProductionLineWorker,Alan Benjamin Holder,7,16,"0,1,2,3,4",1.8,10.0,0.85,1.85,2025-12-02,2025-12-31,0,0,LOW
MBR0724,Montana Basia Roberts,3 - Assembly,ProductionLineWorker,Alan Benjamin Holder,7,16,"0,1,2,3,4",0.0,10.0,1.0,0.0,2025-12-02,2025-12-31,0,0,LOW
BAH0875,Brianna Aretha Hopper,2 - Sales,Salesman,Hashim Damon Dudley,5,17,"0,1,2,3,4",0.0,162.0,15.7,0.0,2025-12-02,2025-12-31,0,0,LOW
JOL0024,John Omar Lancaster,3 - Training,AdministrativeAssistant,Walter Kaseem Foley,7,17,"0,1,2,3,4",0.0,114.0,9.85,0.0,2025-12-02,2025-12-31,0,0,LOW
BMS0877,Brynn Madeline Sherman,2 - Sales,Salesman,Hashim Damon Dudley,7,17,"0,1,2,3,4",0.0,162.0,14.9,0.0,2025-12-02,2025-12-31,0,0,LOW
JDB0169,Jonah Dakota Bird,2 - Sales,Salesman,Meredith Ainsley Wolf,7,15,"0,1,2,3,4",22.55,162.0,13.35,7.85,2025-12-02,2025-12-31,0,0,LOW
WKF0012,Walter Kaseem Foley,3 - Training,Director,Halla Cathleen Simmons,7,17,"0,1,2,3,4",0.0,190.0,17.2,0.0,2025-12-02,2025-12-31,0,0,LOW
WDO0870,William Damian Oconnor,2 - Sales,Salesman,Hashim Damon Dudley,5,16,"0,1,2,3,4,5",0.0,161.9047619047619,12.714285714285714,0.0,2025-12-02,2025-12-31,0,0,LOW
LHL0309,Lacota Hilda Lindsey,2 - Sales,Salesman,Meredith Ainsley Wolf,7,15,"0,1,2,3,4",0.0,162.0,14.75,0.0,2025-12-02,2025-12-31,0,0,LOW
OCS0865,Oren Clinton Sharpe,2 - Sales,Salesman,Hashim Damon Dudley,7,17,"0,1,2,3,4",2.9,162.0,14.4,1.75,2025-12-02,2025-12-31,0,0,LOW
PDH0716,Phelan Dieter Hendricks,3 - Assembly,ProductionLineWorker,Alan Benjamin Holder,7,16,"0,1,2,3,4",5.45,10.0,1.0,2.4,2025-12-02,2025-12-31,0,0,LOW
KKW0879,Keane Kennan Watts,2 - Sales,Salesman,Hashim Damon Dudley,7,17,"0,1,2,3,4,5",4.5,162.0,13.181818181818182,8.772727272727273,2025-12-02,2025-12-31,0,0,LOW
HPM0986,Hasad Paki Mcfadden,3 - Training,InstructionalCoordinator,Walter Kaseem Foley,7,17,"0,1,2,3,4",0.0,143.0,13.0,0.0,2025-12-02,2025-12-31,0,0,LOW
HKI0171,Halla Kendall Irwin,2 - Sales,Salesman,Meredith Ainsley Wolf,7,15,"0,1,2,3,4",0.0,162.0,14.25,0.0,2025-12-02,2025-12-31,0,0,LOW
BER0314,Bianca Elizabeth Roach,2 - Sales,Salesman,Meredith Ainsley Wolf,7,15,"0,1,2,3,4",0.0,162.0,13.65,0.0,2025-12-02,2025-12-31,0,0,LOW
MKG0711,Myra Kay Greer,3 - Assembly,ProductionLineWorker,Alan Benjamin Holder,7,16,"0,1,2,3,4",0.0,10.0,0.95,0.0,2025-12-02,2025-12-31,0,0,LOW
CCR0863,Charde Cynthia Rasmussen,2 - Sales,Salesman,Hashim Damon Dudley,7,17,"0,1,2,3,4",0.0,162.0,14.85,0.0,2025-12-02,2025-12-31,0,0,LOW
PLH0862,Prescott Laith Harding,2 - Sales,Salesman,Hashim Damon Dudley,7,17,"0,1,2,3,4",0.0,162.0,14.55,0.0,2025-12-02,2025-12-31,0,0,LOW
JCW0858,Jeanette Cally Whitfield,2 - Sales,Salesman,Hashim Damon Dudley,7,17,"0,1,2,3,4",0.0,162.0,14.95,0.0,2025-12-02,2025-12-31,0,0,LOW
EDB0714,Eden Deborah Ball,3 - Assembly,ProductionLineWorker,Alan Benjamin Holder,7,16,"0,1,2,3,4",1.45,10.0,0.95,2.0,2025-12-02,2025-12-31,0,0,LOW
DMK0257,Desirae Mari Koch,3 - Engineering,ElectricalEngineer,Dylan Tiger Terry,6,16,"0,1,2,3,4",5.25,95.0,8.85,1.9,2025-12-02,2025-12-31,0,0,LOW
ASS0206,Ashely Sarah Shields,6 - Security,SecurityGuard,Clinton Coby Wolfe,7,15,"0,1,2,3,4",0.0,143.0,13.75,0.0,2025-12-02,2025-12-31,0,0,LOW
COM0321,Claire Olivia Martin,2 - Sales,Salesman,Meredith Ainsley Wolf,7,15,"0,1,2,3,4",0.0,162.0,14.55,0.0,2025-12-02,2025-12-31,0,0,LOW
HMW0713,Heidi Mia Wilson,3 - Assembly,ProductionLineWorker,Alan Benjamin Holder,7,16,"0,1,2,3,4",0.0,10.0,1.0,0.0,2025-12-02,2025-12-31,0,0,LOW
JMB0308,Jarrod Malik Burris,2 - Sales,Salesman,Meredith Ainsley Wolf,7,15,"0,1,2,3,4",0.0,162.0,14.2,0.0,2025-12-02,2025-12-31,0,0,LOW
KBS0874,Kay Brynne Spears,2 - Sales,Salesman,Hashim Damon Dudley,7,17,"0,1,2,3,4",0.0,162.0,14.55,0.0,2025-12-02,2025-12-31,0,0,LOW
MCS0035,Mallory Carol Spence,6 - Security,SecurityGuard,Clinton Coby Wolfe,7,15,"0,1,2,3,4",0.0,143.0,13.25,0.0,2025-12-02,2025-12-31,0,0,LOW
MIM0712,Mariko Ivana Mckee,3 - Assembly,ProductionLineWorker,Alan Benjamin Holder,7,16,"0,1,2,3,4",0.0,10.0,1.0,0.0,2025-12-02,2025-12-31,0,0,LOW
CEB0210,Colin Evan Brown,6 - Security,SecurityGuard,Clinton Coby Wolfe,7,15,"0,1,2,3,4",0.0,143.0,13.65,0.0,2025-12-02,2025-12-31,0,0,LOW
PLH0715,Penelope Lysandra Hayes,3 - Assembly,ProductionLineWorker,Alan Benjamin Holder,7,16,"0,1,2,3,4",0.0,10.0,0.9,0.0,2025-12-02,2025-12-31,0,0,LOW
ARL0034,August Ronan Lucas,6 - Security,SecurityGuard,Clinton Coby Wolfe,7,15,"0,1,2,3,4",0.0,143.0,13.9,0.0,2025-12-02,2025-12-31,0,0,LOW
MSZ0310,Molly Sacha Zimmerman,2 - Sales,Salesman,Meredith Ainsley Wolf,7,15,"0,1,2,3,4",0.0,162.0,14.35,0.0,2025-12-02,2025-12-31,0,0,LOW
MCJ0324,Melodie Chantale Joyce,2 - Sales,Salesman,Meredith Ainsley Wolf,7,15,"0,1,2,3,4",0.0,162.0,14.4,0.0,2025-12-02,2025-12-31,0,0,LOW
MAS0025,Melissa Ava Stuart,3 - Training,InstructionalCoordinator,Walter Kaseem Foley,7,17,"0,1,2,3,4",0.0,143.0,13.65,0.0,2025-12-02,2025-12-31,0,0,LOW
GRM0868,Gail Rhiannon Mcconnell,2 - Sales,Salesman,Hashim Damon Dudley,7,17,"0,1,2,3,4",0.0,162.0,14.85,0.0,2025-12-02,2025-12-31,0,0,LOW
EMS0317,Eden Merrill Stokes,2 - Sales,Salesman,Meredith Ainsley Wolf,7,15,"0,1,2,3,4",0.0,162.0,13.95,0.0,2025-12-02,2025-12-31,0,0,LOW
DIC0988,Dolan Igor Cortez,5 - Medical,NursePractitioner,Alec Mannix Mcneil,7,18,"0,1,2,3,4",0.0,95.0,8.8,0.0,2025-12-02,2025-12-31,0,0,LOW
CJH0702,Calvin Jarrod Hood,3 - Assembly,ProductionLineWorker,Alan Benjamin Holder,7,16,"0,1,2,3,4",0.0,10.0,1.0,0.0,2025-12-02,2025-12-31,0,0,LOW
AMR0318,Axel Malik Rosa,2 - Sales,Salesman,Meredith Ainsley Wolf,6,15,"0,1,2,3,4",0.15,162.0,14.8,0.5,2025-12-02,2025-12-31,0,0,LOW
THR0873,Teagan Hedy Romero,2 - Sales,Salesman,Hashim Damon Dudley,6,17,"0,1,2,3,4",26.0,170.0,14.65,8.05,2025-12-02,2025-12-31,0,0,LOW
SBN0866,Salvador Byron Norton,2 - Sales,Salesman,Hashim Damon Dudley,6,17,"0,1,2,3,4",18.75,162.0,14.35,1.05,2025-12-02,2025-12-31,0,0,LOW
HAM0985,Hillary Ainsley Mccormick,3 - Training,TechnicalTrainer,Walter Kaseem Foley,7,17,"0,1,2,3,4",0.0,95.0,8.85,0.0,2025-12-02,2025-12-31,0,0,LOW
CPG0322,Connor Phelan Guerra,2 - Sales,Salesman,Meredith Ainsley Wolf,7,15,"0,1,2,3,4",1.65,153.0,14.85,0.3,2025-12-02,2025-12-31,0,0,LOW
CKP0721,Colt Kendall Perez,3 - Assembly,ProductionLineWorker,Alan Benjamin Holder,7,16,"0,1,2,3,4",0.0,10.0,1.0,0.0,2025-12-02,2025-12-31,0,0,LOW
LOM0086,Lane Oleg Mclaughlin,3 - Engineering,ElectricalEngineer,Dylan Tiger Terry,7,16,"0,1,2,3,4",4.1,95.0,8.9,2.4,2025-12-02,2025-12-31,0,0,LOW
AKW0167,Arsenio Kato Wilder,2 - Sales,AdministrativeAssistant,Meredith Ainsley Wolf,7,15,"0,1,2,3,4",0.0,114.0,10.3,0.0,2025-12-02,2025-12-31,0,0,LOW
AJH0175,Aurora Jael Hopkins,2 - Sales,Salesman,Meredith Ainsley Wolf,6,15,"0,1,2,3,4,5",0.3809523809523809,145.71428571428572,13.333333333333334,0.3809523809523809,2025-12-02,2025-12-31,0,0,LOW
BDV0168,Blair Deborah Vaughn,2 - Sales,Salesman,Meredith Ainsley Wolf,7,15,"0,1,2,3,4",0.0,162.0,14.65,0.0,2025-12-02,2025-12-31,0,0,LOW
BTL0722,Blair Todd Long,3 - Assembly,ProductionLineWorker,Alan Benjamin Holder,7,16,"0,1,2,3,4",0.0,10.0,1.0,0.0,2025-12-02,2025-12-31,0,0,LOW
IJW0851,Isadora Jael Waters,2 - Sales,Salesman,Hashim Damon Dudley,7,17,"0,1,2,3,4",0.0,162.0,14.0,0.0,2025-12-02,2025-12-31,0,0,LOW
XBN0229,Xandra Briar Nielsen,1 - Research,Scientist,Jackson Linus Wilkerson,7,18,"0,1,2,3,4",0.0,95.0,8.9,0.0,2025-12-02,2025-12-31,0,0,LOW
ZDW0859,Zeph Dakota Wilkerson,2 - Sales,Salesman,Hashim Damon Dudley,7,17,"0,1,2,3,4",0.0,153.0,14.7,0.0,2025-12-02,2025-12-31,0,0,LOW
ZSK0258,Zachery Samson Kerr,3 - Engineering,ElectricalEngineer,Dylan Tiger Terry,7,16,"0,1,2,3,4",0.0,95.0,8.55,0.0,2025-12-02,2025-12-31,0,0,LOW
DTT0076,Dylan Tiger Terry,3 - Engineering,ChiefEngineer,Declan Lester Moss,7,16,"0,1,2,3,4",0.0,190.0,17.9,0.0,2025-12-02,2025-12-31,0,0,LOW
GHL0460,Geoffrey Harlan Lara,3 - Assembly,ProductionLineWorker,Armando Albert Walter,7,17,"0,1,2,3,4",0.0,10.0,0.95,0.0,2025-12-02,2025-12-31,0,0,LOW
GDF0704,Galena Deborah Francis,3 - Assembly,ProductionLineWorker,Alan Benjamin Holder,7,16,"0,1,2,3,4",0.0,10.0,1.0,0.0,2025-12-02,2025-12-31,0,0,LOW
FLM0213,Fitzgerald Len Merrill,6 - Security,SecurityGuard,Clinton Coby Wolfe,7,15,"0,1,2,3,4",0.0,143.0,13.5,0.0,2025-12-02,2025-12-31,0,0,LOW
VAA0087,Vincent Avram Aguirre,3 - Engineering,ElectricalEngineer,Dylan Tiger Terry,7,16,"0,1,2,3,4",0.0,95.0,8.8,0.0,2025-12-02,2025-12-31,0,0,LOW
CQH0701,Caldwell Quamar Head,3 - Assembly,ProductionLineWorker,Alan Benjamin Holder,7,16,"0,1,2,3,4",0.7,10.0,0.9,0.25,2025-12-02,2025-12-31,0,0,LOW
HJB0742,Harlan Jason Benjamin,2 - Sales,Salesman,Lysandra Chastity Brennan,7,16,"0,1,2,3,4",0.0,170.0,14.8,0.0,2025-12-02,2025-12-31,0,0,LOW
TQS0212,Tasha Quail Sanchez,6 - Security,SecurityGuard,Clinton Coby Wolfe,7,15,"0,1,2,3,4",0.0,143.0,12.6,0.0,2025-12-02,2025-12-31,0,0,LOW
MAH0864,Malik Adrian Hebert,2 - Sales,Salesman,Hashim Damon Dudley,7,17,"0,1,2,3,4",0.0,162.0,14.45,0.0,2025-12-02,2025-12-31,0,0,LOW
RUM0880,Roary Ursa Massey,2 - Sales,Salesman,Hashim Damon Dudley,6,17,"0,1,2,3,4",5.4,162.0,14.45,2.15,2025-12-02,2025-12-31,0,0,LOW
RSC0089,Robert Samuel Chen,3 - Engineering,ElectricalEngineer,Dylan Tiger Terry,6,16,"0,1,2,3,4,5",3.142857142857143,90.0,8.857142857142858,7.714285714285714,2025-12-02,2025-12-31,0,0,LOW
MBJ0312,Meghan Brianna Jensen,2 - Sales,Salesman,Meredith Ainsley Wolf,7,15,"0,1,2,3,4",2.5,162.0,14.5,2.75,2025-12-02,2025-12-31,0,0,LOW
ASL0378,Axel Seth Lewis,1 - Research,Scientist,Kim Dara Sullivan,7,15,"0,1,2,3,4",0.0,95.0,8.7,0.0,2025-12-02,2025-12-31,0,0,LOW
LFS0071,Lamar Francis Scott,2 - SoftwareManagement,SoftwareEngineer,Vance Ira Alston,7,17,"0,1,2,3,4",0.0,95.0,8.85,0.0,2025-12-02,2025-12-31,0,0,LOW
KJS0618,Kay Janna Snider,2 - Sales,Salesman,Winter Veda Burks,7,16,"0,1,2,3,4",0.0,162.0,14.75,0.0,2025-12-02,2025-12-31,0,0,LOW
JAD0609,Jana Amanda Dorsey,2 - Sales,Salesman,Winter Veda Burks,7,16,"0,1,2,3,4",0.0,162.0,14.7,0.0,2025-12-02,2025-12-31,0,0,LOW
SVS0871,Sylvia Velma Sweet,2 - Sales,Salesman,Hashim Damon Dudley,7,17,"0,1,2,3,4",0.0,162.0,14.3,0.0,2025-12-02,2025-12-31,0,0,LOW
IKR0401,Ivor Kenneth Rollins,2 - SoftwareManagement,SoftwareEngineer,Jocelyn Bree Mccray,7,18,"0,1,2,3,4",1.95,95.0,8.2,1.65,2025-12-02,2025-12-31,0,0,LOW
KJW0416,Katell Jasmine Wiggins,3 - Engineering,SystemsEngineer,Hadassah Riley Baker,7,17,"0,1,2,3,4",0.0,95.0,8.95,0.0,2025-12-02,2025-12-31,0,0,LOW
VIA0063,Vance Ira Alston,2 - SoftwareManagement,Manager,Todd Vance Spears,7,17,"0,1,2,3,4",24.8,143.0,13.9,8.1,2025-12-02,2025-12-31,0,0,LOW
UCS0227,Uriel Charles Solomon,1 - Research,Mathematician,Jackson Linus Wilkerson,7,18,"0,1,2,3,4",0.0,95.0,8.65,0.0,2025-12-02,2025-12-31,0,0,LOW
RCC0617,Rogan Chandler Coffey,2 - Sales,Salesman,Winter Veda Burks,7,17,"0,1,2,3,4",0.0,162.0,14.7,0.0,2025-12-02,2025-12-31,0,0,LOW
QPM0727,Quincy Preston Moses,2 - Sales,Salesman,Lysandra Chastity Brennan,7,16,"0,1,2,3,4",0.0,162.0,14.35,0.0,2025-12-02,2025-12-31,0,0,LOW
MHG0244,Matthew Harper Glass,3 - Engineering,MechanicalEngineer,Harper Price Harris,7,16,"0,1,2,3,4",0.0,95.0,8.6,0.0,2025-12-02,2025-12-31,0,0,LOW
MES0407,Minerva Emerald Solomon,3 - Engineering,SystemsEngineer,Hadassah Riley Baker,7,17,"0,1,2,3,4",0.0,95.0,8.25,0.0,2025-12-02,2025-12-31,0,0,LOW
MDM0976,Myles Donovan Macias,1 - Personnel,HumanResourceSpecialist,Bethany Xerxes Johnson,7,17,"0,1,2,3,4",0.0,114.0,10.7,0.0,2025-12-02,2025-12-31,0,0,LOW
MBG0438,Melvin Brody Garza,3 - Engineering,TestEngineer,Cameron Noel Elliott,7,16,"0,1,2,3,4",0.0,95.0,8.2,0.0,2025-12-02,2025-12-31,0,0,LOW
JRH0455,JRH0455,,,,7,17,"0,1,2,3,4",0.0,10.0,0.85,0.0,2025-12-02,2025-12-31,0,0,LOW
HIW0536,Honorato Ivan Wall,1 - Research,LabManager,Summer Leilani Boyer,7,18,"0,1,2,3,4",0.0,135.85,12.65,0.0,2025-12-02,2025-12-31,0,0,LOW
FTM0406,Finn Tucker Medina,3 - Engineering,SystemsEngineer,Hadassah Riley Baker,7,17,"0,1,2,3,4",0.0,95.0,8.45,0.0,2025-12-02,2025-12-31,0,0,LOW
CRP0456,Cade Rajah Patterson,3 - Assembly,ProductionLineWorker,Armando Albert Walter,7,17,"0,1,2,3,4",0.0,10.0,0.95,0.0,2025-12-02,2025-12-31,0,0,LOW
BEH0615,Barclay Eaton Hensley,2 - Sales,Salesman,Winter Veda Burks,7,16,"0,1,2,3,4",0.9,162.0,14.6,1.2,2025-12-02,2025-12-31,0,0,LOW
AAS0442,AAS0442,,,,7,16,"0,1,2,3,4",0.0,29.0,2.85,0.0,2025-12-02,2025-12-31,0,0,LOW
JAM0382,Jena Audrey Malone,1 - Research,Scientist,Kim Dara Sullivan,7,15,"0,1,2,3,4",0.0,95.0,8.8,0.0,2025-12-02,2025-12-31,0,0,LOW
RDT0424,Rosalyn Daphne Tillman,3 - Engineering,SystemsEngineer,Hadassah Riley Baker,7,17,"0,1,2,3,4",1.7,95.0,9.0,1.25,2025-12-02,2025-12-31,0,0,LOW
HKR0628,Halee Keiko Rhodes,2 - Sales,Salesman,Winter Veda Burks,7,16,"0,1,2,3,4",0.0,162.0,14.55,0.0,2025-12-02,2025-12-31,0,0,LOW
KMW0545,Keely Mollie Weiss,1 - Research,Physicist,Honorato Ivan Wall,7,17,"0,1,2,3,4",0.7,90.0,8.2,0.25,2025-12-02,2025-12-31,0,0,LOW
KQS0415,Kane Quinlan Stevenson,3 - Engineering,SystemsEngineer,Hadassah Riley Baker,7,17,"0,1,2,3,4",0.0,95.0,9.0,0.0,2025-12-02,2025-12-31,0,0,LOW
RAH0440,Rashad August Hatfield,3 - Engineering,ElectricalEngineer,Cameron Noel Elliott,7,16,"0,1,2,3,4",0.0,95.0,8.85,0.0,2025-12-02,2025-12-31,0,0,LOW
RGH0728,Raymond Gray Hyde,2 - Sales,Salesman,Lysandra Chastity Brennan,7,16,"0,1,2,3,4",0.0,162.0,14.85,0.0,2025-12-02,2025-12-31,0,0,LOW
CKD0680,Cheyenne Kay Dickerson,1 - Research,Scientist,Sarah Imelda Juarez,7,16,"0,1,2,3,4",0.0,95.0,8.8,0.0,2025-12-02,2025-12-31,0,0,LOW
AIS0405,Amaya Iola Sawyer,2 - SoftwareManagement,SoftwareEngineer,Jocelyn Bree Mccray,7,18,"0,1,2,3,4",0.0,95.0,8.5,0.0,2025-12-02,2025-12-31,0,0,LOW
BAM0611,Brielle Aubrey Marks,2 - Sales,Salesman,Winter Veda Burks,7,16,"0,1,2,3,4",0.0,162.0,14.75,0.0,2025-12-02,2025-12-31,0,0,LOW
BBS0422,Buckminster Benjamin Swanson,3 - Engineering,ElectricalEngineer,Hadassah Riley Baker,6,17,"0,1,2,3,4,5,6",1.84,91.2,8.44,0.4,2025-12-02,2025-12-31,0,0,LOW
FSC0601,Felicia Sloane Cabrera,2 - Sales,Salesman,Winter Veda Burks,7,16,"0,1,2,3,4",1.65,162.0,13.7,1.6,2025-12-02,2025-12-31,0,0,LOW
GJT0386,Geoffrey Jin Tucker,1 - Research,Mathematician,Kim Dara Sullivan,7,15,"0,1,2,3,4",0.0,95.0,8.85,0.0,2025-12-02,2025-12-31,0,0,LOW
GLR0975,Garrison Levi Rollins,1 - Personnel,HumanResourceSpecialist,Bethany Xerxes Johnson,7,17,"0,1,2,3,4",0.0,114.0,10.75,0.0,2025-12-02,2025-12-31,0,0,LOW
GOK0238,Garrett Omar Kelly,2 - SoftwareManagement,ComputerScientist,Vance Ira Alston,7,17,"0,1,2,3,4",0.0,95.0,8.65,0.0,2025-12-02,2025-12-31,0,0,LOW
GZB0469,George Zachery Burch,3 - Assembly,ProductionLineWorker,Armando Albert Walter,7,17,"0,1,2,3,4",0.0,10.0,0.95,0.0,2025-12-02,2025-12-31,0,0,LOW
HCW0419,Hermione Casey Witt,3 - Engineering,HardwareEngineer,Hadassah Riley Baker,7,17,"0,1,2,3,4",0.0,95.0,9.0,0.0,2025-12-02,2025-12-31,0,0,LOW
AIM0627,Adam Ishmael Mcdaniel,2 - Sales,Salesman,Winter Veda Burks,7,16,"0,1,2,3,4",0.0,162.0,14.45,0.0,2025-12-02,2025-12-31,0,0,LOW
EGD0409,Elijah Gary Diaz,3 - Engineering,ElectricalEngineer,Hadassah Riley Baker,7,17,"0,1,2,3,4",0.0,95.0,8.85,0.0,2025-12-02,2025-12-31,0,0,LOW
GQP0743,Gil Quincy Potter,2 - Sales,Salesman,Lysandra Chastity Brennan,7,16,"0,1,2,3,4",0.0,162.0,14.0,0.0,2025-12-02,2025-12-31,0,0,LOW
BYP0070,Bertha Yetta Parrish,2 - SoftwareManagement,SoftwareEngineer,Vance Ira Alston,7,17,"0,1,2,3,4",0.0,95.0,8.7,0.0,2025-12-02,2025-12-31,0,0,LOW
IJM0444,Ian Jonas Morrow,3 - Engineering,TestEngineer,Cameron Noel Elliott,7,16,"0,1,2,3,4",5.1,95.0,8.25,0.8,2025-12-02,2025-12-31,0,0,LOW
EBC0390,Eaton Burton Crane,1 - Research,Scientist,Kim Dara Sullivan,7,15,"0,1,2,3,4",0.0,95.0,8.95,0.0,2025-12-02,2025-12-31,0,0,LOW
CRD0624,CRD0624,,,,7,16,"0,1,2,3,4",0.0,162.0,14.5,0.0,2025-12-02,2025-12-31,0,0,LOW
CCC0393,Chaim Chadwick Chang,2 - SoftwareManagement,ComputerProgrammer,Jocelyn Bree Mccray,7,18,"0,1,2,3,4",0.0,95.0,8.7,0.0,2025-12-02,2025-12-31,0,0,LOW
CBG0398,Courtney Brynn Garrett,2 - SoftwareManagement,SoftwareEngineer,Jocelyn Bree Mccray,7,18,"0,1,2,3,4",0.0,95.0,8.9,0.0,2025-12-02,2025-12-31,0,0,LOW
BTL0226,Bernard Tobias Landry,1 - Research,Physicist,Jackson Linus Wilkerson,7,18,"0,1,2,3,4",0.0,95.0,8.95,0.0,2025-12-02,2025-12-31,0,0,LOW
MKW0441,Macy Karleigh Winters,3 - Engineering,Technician,Cameron Noel Elliott,7,16,"0,1,2,3,4",0.95,27.0,3.0,1.85,2025-12-02,2025-12-31,0,0,LOW
BDB0453,Brett Damian Beck,3 - Assembly,ProductionLineWorker,Armando Albert Walter,6,17,"0,1,2,3,4,5",0.0,9.523809523809524,0.9523809523809524,0.0,2025-12-02,2025-12-31,0,0,LOW
AJL0462,Akeem Jerry Lopez,3 - Assembly,ProductionLineWorker,Armando Albert Walter,7,17,"0,1,2,3,4",0.0,9.0,1.0,0.0,2025-12-02,2025-12-31,0,0,LOW
NUL0471,Nero Uriel Little,3 - Assembly,ProductionLineWorker,Armando Albert Walter,7,17,"0,1,2,3,4",0.0,10.0,1.0,0.0,2025-12-02,2025-12-31,0,0,LOW
QRM0739,Quail Rana Mclean,2 - Sales,Salesman,Lysandra Chastity Brennan,7,16,"0,1,2,3,4",24.65,162.0,14.75,8.35,2025-12-02,2025-12-31,0,0,LOW
SEJ0677,Samuel Eden James,1 - Research,Mathematician,Sarah Imelda Juarez,7,15,"0,1,2,3,4",0.0,95.0,8.6,0.0,2025-12-02,2025-12-31,0,0,LOW
UJC0737,Urielle Jane Carter,2 - Sales,Salesman,Lysandra Chastity Brennan,7,16,"0,1,2,3,4",0.0,162.0,13.5,0.0,2025-12-02,2025-12-31,0,0,LOW
JPA0667,John Price Atkins,1 - Research,Scientist,Sarah Imelda Juarez,7,15,"0,1,2,3,4",0.0,95.0,7.6,0.0,2025-12-02,2025-12-31,0,0,LOW
BHW0458,Beau Hall Watts,3 - Assembly,ProductionLineWorker,Armando Albert Walter,7,17,"0,1,2,3,4",0.0,10.0,0.95,0.0,2025-12-02,2025-12-31,0,0,LOW
LIM0674,Leah Idola Moran,1 - Research,Physicist,Sarah Imelda Juarez,7,15,"0,1,2,3,4",0.6,95.0,8.35,0.3,2025-12-02,2025-12-31,0,0,LOW
AAV0450,Aspen Amber Vinson,3 - Assembly,ProductionLineWorker,Armando Albert Walter,7,17,"0,1,2,3,4",0.0,10.0,1.0,0.0,2025-12-02,2025-12-31,0,0,LOW
ABN0239,Amaya Britanni Newton,2 - SoftwareManagement,SoftwareEngineer,Vance Ira Alston,7,17,"0,1,2,3,4",0.0,95.0,8.8,0.0,2025-12-02,2025-12-31,0,0,LOW
ALH0402,Adena Lisandra Hardin,2 - SoftwareManagement,SoftwareEngineer,Jocelyn Bree Mccray,7,18,"0,1,2,3,4",0.0,95.0,8.85,0.0,2025-12-02,2025-12-31,0,0,LOW
SJW0451,Sharon Jemima Whitehead,3 - Assembly,ProductionLineWorker,Armando Albert Walter,7,17,"0,1,2,3,4",0.0,10.0,0.95,0.0,2025-12-02,2025-12-31,0,0,LOW
SDF0017,Skyler Deborah Frazier,1 - Personnel,HumanResourceSpecialist,Bethany Xerxes Johnson,7,17,"0,1,2,3,4",0.0,114.0,10.85,0.0,2025-12-02,2025-12-31,0,0,LOW
RKD0604,Rebecca Kelsie Daugherty,2 - Sales,Salesman,Winter Veda Burks,7,16,"0,1,2,3,4",0.0,162.0,14.7,0.0,2025-12-02,2025-12-31,0,0,LOW
PTH0552,Philip Travis Hartman,1 - Research,Mathematician,Honorato Ivan Wall,7,17,"0,1,2,3,4",0.0,95.0,8.95,0.0,2025-12-02,2025-12-31,0,0,LOW
PKB0429,Philip Keith Barron,3 - Engineering,TestEngineer,Cameron Noel Elliott,7,16,"0,1,2,3,4",0.0,95.0,8.95,0.0,2025-12-02,2025-12-31,0,0,LOW
ORM0669,Orla Ruth Mckenzie,1 - Research,Mathematician,Sarah Imelda Juarez,7,15,"0,1,2,3,4",0.0,95.0,8.8,0.0,2025-12-02,2025-12-31,0,0,LOW
MTB0620,Malachi Thor Butler,2 - Sales,Salesman,Winter Veda Burks,7,16,"0,1,2,3,4",5.45,162.0,14.8,2.65,2025-12-02,2025-12-31,0,0,LOW
KBG0549,Kylie Brielle Greer,1 - Research,Scientist,Honorato Ivan Wall,7,17,"0,1,2,3,4",1.25,95.0,9.8,0.35,2025-12-02,2025-12-31,0,0,LOW
JOM0750,Jonathan Orlando Marsh,2 - Sales,Salesman,Lysandra Chastity Brennan,7,16,"0,1,2,3,4",0.0,162.0,14.55,0.0,2025-12-02,2025-12-31,0,0,LOW
GMF0738,Gray Mason Fulton,2 - Sales,Salesman,Lysandra Chastity Brennan,7,16,"0,1,2,3,4",0.0,162.0,14.75,0.0,2025-12-02,2025-12-31,0,0,LOW
ENC0234,Evelyn Nevada Curtis,1 - Research,Physicist,Jackson Linus Wilkerson,7,18,"0,1,2,3,4",0.0,95.0,8.85,0.0,2025-12-02,2025-12-31,0,0,LOW
DZC0228,Declan Zachery Caldwell,1 - Research,Physicist,Jackson Linus Wilkerson,7,18,"0,1,2,3,4",0.0,95.0,8.75,0.0,2025-12-02,2025-12-31,0,0,LOW
CTA0020,Curran Tarik Ayala,1 - Personnel,HumanResourceSpecialist,Bethany Xerxes Johnson,7,18,"0,1,2,3,4",1.6,108.0,10.95,8.75,2025-12-02,2025-12-31,0,0,LOW
CGA0629,Cullen Gary Adams,2 - Sales,Salesman,Winter Veda Burks,7,16,"0,1,2,3,4",0.0,162.0,14.4,0.0,2025-12-02,2025-12-31,0,0,LOW
OKB0439,Oleg Kane Britt,3 - Engineering,MechanicalEngineer,Cameron Noel Elliott,7,16,"0,1,2,3,4",0.0,95.0,8.95,0.0,2025-12-02,2025-12-31,0,0,LOW
BJW0619,Blaine Jelani Weeks,2 - Sales,Salesman,Winter Veda Burks,7,16,"0,1,2,3,4",0.0,162.0,14.2,0.0,2025-12-02,2025-12-31,0,0,LOW
AMR0400,Aurelia Martina Reese,2 - SoftwareManagement,SoftwareEngineer,Jocelyn Bree Mccray,7,18,"0,1,2,3,4",0.0,95.0,8.9,0.0,2025-12-02,2025-12-31,0,0,LOW
WVB0539,Winter Veda Burks,2 - Sales,Manager,Donovan Carlos Chapman,7,16,"0,1,2,3,4",0.0,143.0,13.75,0.0,2025-12-02,2025-12-31,0,0,LOW
ANP0555,Alexa Nadine Poole,1 - Research,Mathematician,Honorato Ivan Wall,7,17,"0,1,2,3,4",0.0,95.0,8.65,0.0,2025-12-02,2025-12-31,0,0,LOW
TBT0461,Teagan Briar Townsend,3 - Assembly,ProductionLineWorker,Armando Albert Walter,7,17,"0,1,2,3,4",0.0,10.0,1.0,0.0,2025-12-02,2025-12-31,0,0,LOW
ADC0391,Axel Donovan Compton,2 - SoftwareManagement,SoftwareEngineer,Jocelyn Bree Mccray,7,18,"0,1,2,3,4",0.0,95.0,8.8,0.0,2025-12-02,2025-12-31,0,0,LOW
SMW0084,Stephanie Mary Whitehead,3 - Engineering,MechanicalEngineer,Harper Price Harris,7,16,"0,1,2,3,4",0.0,95.0,8.75,0.0,2025-12-02,2025-12-31,0,0,LOW
SCF0608,Shana Callie Ferguson,2 - Sales,Salesman,Winter Veda Burks,7,16,"0,1,2,3,4",0.0,162.0,15.55,0.0,2025-12-02,2025-12-31,0,0,LOW
MYD0978,Mark Yardley Dunlap,1 - Personnel,HumanResourceSpecialist,Bethany Xerxes Johnson,7,17,"0,1,2,3,4",0.0,114.0,10.8,0.0,2025-12-02,2025-12-31,0,0,LOW
LLV0602,Lee Lacey Velez,2 - Sales,Salesman,Winter Veda Burks,7,16,"0,1,2,3,4",0.0,162.0,14.8,0.0,2025-12-02,2025-12-31,0,0,LOW
JTS0389,Josiah Thaddeus Stewart,1 - Research,Scientist,Kim Dara Sullivan,7,15,"0,1,2,3,4",0.65,95.0,9.45,0.25,2025-12-02,2025-12-31,0,0,LOW
JMH0543,Jermaine Mannix Hansen,1 - Research,Scientist,Honorato Ivan Wall,7,17,"0,1,2,3,4",0.0,95.0,8.65,0.0,2025-12-02,2025-12-31,0,0,LOW
SOG0411,Suki Ori Grant,3 - Engineering,SystemsEngineer,Hadassah Riley Baker,7,17,"0,1,2,3,4",0.0,95.0,8.8,0.0,2025-12-02,2025-12-31,0,0,LOW
HAH0248,Hector Abraham Hayes,3 - Engineering,MechanicalEngineer,Harper Price Harris,7,16,"0,1,2,3,4",0.0,95.0,8.9,0.0,2025-12-02,2025-12-31,0,0,LOW
HJS0072,HJS0072,,,,7,17,"0,1,2,3,4,5,6",3.0454545454545454,95.0,8.590909090909092,1.0454545454545454,2025-12-02,2025-12-31,0,0,LOW
ASG0048,Alec Scott Goff,,AdministrativeAssistant,Kai Wynne Craft,7,16,"0,1,2,3,4",0.0,114.0,10.45,0.0,2025-12-02,2025-12-31,0,0,LOW
BCB0679,Buckminster Connor Bush,1 - Research,Mathematician,Sarah Imelda Juarez,7,15,"0,1,2,3,4",0.0,95.0,9.0,0.0,2025-12-02,2025-12-31,0,0,LOW
TSB0437,Tamara Shaeleigh Best,3 - Engineering,Technician,Cameron Noel Elliott,7,16,"0,1,2,3,4",0.0,29.0,2.9,0.0,2025-12-02,2025-12-31,0,0,LOW
CCM0467,Chester Caldwell Mendoza,3 - Assembly,ProductionLineWorker,Armando Albert Walter,7,17,"0,1,2,3,4",0.0,10.0,0.95,0.0,2025-12-02,2025-12-31,0,0,LOW
DBS0235,Dale Benjamin Sharpe,1 - Research,Scientist,Jackson Linus Wilkerson,7,18,"0,1,2,3,4",0.0,95.0,8.2,0.0,2025-12-02,2025-12-31,0,0,LOW
CCL0068,Camilla Camille Leach,2 - SoftwareManagement,ComputerScientist,Vance Ira Alston,7,17,"0,1,2,3,4",1.7,95.0,8.7,2.15,2025-12-02,2025-12-31,0,0,LOW
EZH0736,Elton Zeus Horton,2 - Sales,Salesman,Lysandra Chastity Brennan,7,16,"0,1,2,3,4",0.0,162.0,13.3,0.0,2025-12-02,2025-12-31,0,0,LOW
AOB0019,Azalia Orli Beach,1 - Personnel,HumanResourceSpecialist,Bethany Xerxes Johnson,7,17,"0,1,2,3,4",0.0,114.0,10.8,0.0,2025-12-02,2025-12-31,0,0,LOW
GAF0060,Grace Alma Fry,1 - Research,Mathematician,Jackson Linus Wilkerson,7,18,"0,1,2,3,4",0.0,95.0,8.7,0.0,2025-12-02,2025-12-31,0,0,LOW
VCC0396,Vincent Craig Cunningham,2 - SoftwareManagement,SoftwareEngineer,Jocelyn Bree Mccray,7,18,"0,1,2,3,4",5.15,95.0,8.85,2.0,2025-12-02,2025-12-31,0,0,LOW
THD0448,Tad Harlan Duncan,3 - Assembly,ProductionLineWorker,Armando Albert Walter,7,17,"0,1,2,3,4",0.0,10.0,0.9,0.0,2025-12-02,2025-12-31,0,0,LOW
SSG0250,Steel Solomon Garrison,3 - Engineering,MechanicalEngineer,Harper Price Harris,7,16,"0,1,2,3,4",0.0,95.0,8.75,0.0,2025-12-02,2025-12-31,0,0,LOW
PRM0740,Price Rashad Mullen,2 - Sales,Salesman,Lysandra Chastity Brennan,7,16,"0,1,2,3,4",0.0,162.0,14.05,0.0,2025-12-02,2025-12-31,0,0,LOW
NNA0610,Nola Nerea Ayala,2 - Sales,Salesman,Winter Veda Burks,7,16,"0,1,2,3,4",0.0,162.0,14.75,0.0,2025-12-02,2025-12-31,0,0,LOW
MLD0755,Meredith Lunea Delaney,2 - Sales,Salesman,Lysandra Chastity Brennan,7,16,"0,1,2,3,4",0.0,162.0,14.75,0.0,2025-12-02,2025-12-31,0,0,LOW
LCD0622,Leo Chaney Daugherty,2 - Sales,Salesman,Winter Veda Burks,7,16,"0,1,2,3,4",0.0,162.0,13.2,0.0,2025-12-02,2025-12-31,0,0,LOW
KRM0541,Kimberley Roary Maldonado,1 - Research,Scientist,Honorato Ivan Wall,7,17,"0,1,2,3,4",0.0,90.0,8.8,0.0,2025-12-02,2025-12-31,0,0,LOW
HVF0067,Hector Vance Foster,2 - SoftwareManagement,SoftwareEngineer,Vance Ira Alston,7,17,"0,1,2,3,4",6.3,90.0,8.65,2.2,2025-12-02,2025-12-31,0,0,LOW
HBO0413,Harper Basil Obrien,3 - Engineering,SystemsEngineer,Hadassah Riley Baker,7,17,"0,1,2,3,4",1.2,95.0,8.75,1.85,2025-12-02,2025-12-31,0,0,LOW
GZC0735,Guy Zeus Chandler,2 - Sales,Salesman,Lysandra Chastity Brennan,7,16,"0,1,2,3,4,5,6",0.7391304347826086,153.0,13.91304347826087,1.0434782608695652,2025-12-02,2025-12-31,0,0,LOW
AJN0607,Armand Jasper Nicholson,2 - Sales,Salesman,Winter Veda Burks,7,16,"0,1,2,3,4",2.1,162.0,14.55,3.05,2025-12-02,2025-12-31,0,0,LOW
JER0404,Jeanette Eliana Rivera,2 - SoftwareManagement,SoftwareEngineer,Jocelyn Bree Mccray,7,18,"0,1,2,3,4",0.0,95.0,8.9,0.0,2025-12-02,2025-12-31,0,0,LOW
JPW0741,Josiah Preston Wall,2 - Sales,Salesman,Lysandra Chastity Brennan,7,16,"0,1,2,3,4",0.0,162.0,14.85,0.0,2025-12-02,2025-12-31,0,0,LOW
MDM0625,Melyssa Deirdre Morgan,2 - Sales,Salesman,Winter Veda Burks,7,16,"0,1,2,3,4",25.0,162.0,15.0,7.4,2025-12-02,2025-12-31,0,0,LOW
TAP0551,Tara Alma Potts,1 - Research,Physicist,Honorato Ivan Wall,7,17,"0,1,2,3,4",0.0,95.0,8.45,0.0,2025-12-02,2025-12-31,0,0,LOW
ADF0397,Ariana Doris Frazier,2 - SoftwareManagement,SoftwareEngineer,Jocelyn Bree Mccray,7,18,"0,1,2,3,4",0.0,95.0,8.95,0.0,2025-12-02,2025-12-31,0,0,LOW
AHM0410,Addison Hiram Morrow,3 - Engineering,SystemsEngineer,Hadassah Riley Baker,7,17,"0,1,2,3,4",6.25,95.0,8.15,1.2,2025-12-02,2025-12-31,0,0,LOW
DAL0673,Demetrius Alvin Levy,1 - Research,Physicist,Sarah Imelda Juarez,7,15,"0,1,2,3,4",1.45,100.0,8.95,1.15,2025-12-02,2025-12-31,0,0,LOW
NKP0236,Nicholas Kato Pennington,2 - SoftwareManagement,ComputerProgrammer,Vance Ira Alston,7,17,"0,1,2,3,4",1.3,95.0,8.45,0.3,2025-12-02,2025-12-31,0,0,LOW
HRW0550,Howard Raphael Weiss,1 - Research,Scientist,Honorato Ivan Wall,7,17,"0,1,2,3,4",0.0,95.0,8.7,0.0,2025-12-02,2025-12-31,0,0,LOW
DTP0379,Daquan Tucker Pugh,1 - Research,Physicist,Kim Dara Sullivan,7,15,"0,1,2,3,4",0.0,90.25,9.35,0.0,2025-12-02,2025-12-31,0,0,LOW
OJK0233,Octavius Judah Kirby,1 - Research,Physicist,Jackson Linus Wilkerson,7,18,"0,1,2,3,4",0.0,95.0,8.7,0.0,2025-12-02,2025-12-31,0,0,LOW
ONW0083,Oscar Nolan Wooten,3 - Engineering,MechanicalEngineer,Harper Price Harris,7,16,"0,1,2,3,4",0.0,95.0,7.8,0.0,2025-12-02,2025-12-31,0,0,LOW
FSB0399,Ferris Stone Bender,2 - SoftwareManagement,SoftwareEngineer,Jocelyn Bree Mccray,7,18,"0,1,2,3,4",0.0,95.0,8.85,0.0,2025-12-02,2025-12-31,0,0,LOW
ETR0428,Elton Tyler Richard,3 - Engineering,TestEngineer,Cameron Noel Elliott,7,16,"0,1,2,3,4",0.0,100.0,9.0,0.0,2025-12-02,2025-12-31,0,0,LOW
CQH0730,Cassady Quincy Hampton,2 - Sales,Salesman,Lysandra Chastity Brennan,7,16,"0,1,2,3,4",0.0,162.0,14.6,0.0,2025-12-02,2025-12-31,0,0,LOW
ORB0473,Owen Ross Burks,3 - Assembly,ProductionLineWorker,Armando Albert Walter,7,17,"0,1,2,3,4",0.0,10.0,1.0,0.0,2025-12-02,2025-12-31,0,0,LOW
TPH0474,Tad Patrick Hardin,3 - Assembly,ProductionLineWorker,Armando Albert Walter,7,17,"0,1,2,3,4",0.0,10.0,1.0,0.0,2025-12-02,2025-12-31,0,0,LOW
NDM0417,Noble Devin Mack,3 - Engineering,ComputerScientist,Hadassah Riley Baker,7,17,"0,1,2,3,4",4.6,95.0,8.85,1.9,2025-12-02,2025-12-31,0,0,LOW
MGS0974,Mari Gretchen Shaw,1 - Personnel,HumanResourceSpecialist,Bethany Xerxes Johnson,7,17,"0,1,2,3,4,5,6",0.4782608695652174,114.0,10.217391304347826,0.391304347826087,2025-12-02,2025-12-31,0,0,LOW
KPP0452,Kai Penelope Peck,3 - Assembly,ProductionLineWorker,Armando Albert Walter,7,17,"0,1,2,3,4",0.0,10.0,1.0,0.0,2025-12-02,2025-12-31,0,0,LOW
KAL0395,Kay Alexa Logan,2 - SoftwareManagement,ComputerScientist,Jocelyn Bree Mccray,7,18,"0,1,2,3,4",0.0,90.25,8.45,0.0,2025-12-02,2025-12-31,0,0,LOW
HKB0418,Halee Kim Burnett,3 - Engineering,SystemsEngineer,Hadassah Riley Baker,7,17,"0,1,2,3,4",0.0,95.0,8.85,0.0,2025-12-02,2025-12-31,0,0,LOW
HGG0240,Hedda Grace Gordon,2 - SoftwareManagement,ComputerScientist,Vance Ira Alston,7,17,"0,1,2,3,4",0.0,95.0,8.4,0.0,2025-12-02,2025-12-31,0,0,LOW
HDJ0446,Hope Dawn Jensen,3 - Assembly,ProductionLineWorker,Armando Albert Walter,7,17,"0,1,2,3,4",0.0,10.0,1.0,0.0,2025-12-02,2025-12-31,0,0,LOW
PGO0433,Pearl Georgia Owen,3 - Engineering,TestEngineer,Cameron Noel Elliott,7,16,"0,1,2,3,4",0.0,95.0,8.15,0.0,2025-12-02,2025-12-31,0,0,LOW
CNE0352,Cameron Noel Elliott,3 - Engineering,ChiefEngineer,Declan Lester Moss,7,16,"0,1,2,3,4",0.0,190.0,17.2,0.0,2025-12-02,2025-12-31,0,0,LOW
CMS0454,Cameran Madonna Shepard,3 - Assembly,ProductionLineWorker,Armando Albert Walter,7,17,"0,1,2,3,4",0.0,10.0,1.0,0.0,2025-12-02,2025-12-31,0,0,LOW
CAB0614,Cora Aurora Buckner,2 - Sales,Salesman,Winter Veda Burks,7,16,"0,1,2,3,4",2.85,162.0,16.0,1.25,2025-12-02,2025-12-31,0,0,LOW
AIH0675,Aline Iris Hurst,1 - Research,Scientist,Sarah Imelda Juarez,7,15,"0,1,2,3,4",0.0,95.0,8.2,0.0,2025-12-02,2025-12-31,0,0,LOW
TET0621,Tyler Eden Talley,2 - Sales,Salesman,Winter Veda Burks,7,16,"0,1,2,3,4",0.0,162.0,14.25,0.0,2025-12-02,2025-12-31,0,0,LOW
RFP0380,Reuben Fulton Pugh,1 - Research,Mathematician,Kim Dara Sullivan,7,15,"0,1,2,3,4",0.0,95.0,8.35,0.0,2025-12-02,2025-12-31,0,0,LOW
IBM0671,Ira Benjamin Mays,1 - Research,Physicist,Sarah Imelda Juarez,7,15,"0,1,2,3,4",3.55,95.0,9.7,0.55,2025-12-02,2025-12-31,0,0,LOW
BNG0237,Brian Nathaniel Greer,2 - SoftwareManagement,SoftwareEngineer,Vance Ira Alston,7,17,"0,1,2,3,4",0.0,95.0,8.5,0.0,2025-12-02,2025-12-31,0,0,LOW
BSA0431,Blossom Scarlett Aguirre,3 - Engineering,TestEngineer,Cameron Noel Elliott,7,16,"0,1,2,3,4",0.0,95.0,8.6,0.0,2025-12-02,2025-12-31,0,0,LOW
CJG0470,Callum Jasper Gilmore,3 - Assembly,ProductionLineWorker,Armando Albert Walter,7,17,"0,1,2,3,4",0.0,10.0,0.9,0.0,2025-12-02,2025-12-31,0,0,LOW
CSB0080,Catherine Savannah Bullock,3 - Engineering,AdministrativeAssistant,Harper Price Harris,7,16,"0,1,2,3,4",0.0,114.0,10.6,0.0,2025-12-02,2025-12-31,0,0,LOW
DMM0623,Doris Mona Michael,2 - Sales,Salesman,Winter Veda Burks,7,16,"0,1,2,3,4",0.0,162.0,14.1,0.0,2025-12-02,2025-12-31,0,0,LOW
FBW0747,Fuller Baker Warner,2 - Sales,Salesman,Lysandra Chastity Brennan,7,16,"0,1,2,3,4,5",0.0,162.0,14.863636363636363,0.0,2025-12-02,2025-12-31,0,0,LOW
GCR0554,Grace Charde Roth,1 - Research,Physicist,Honorato Ivan Wall,7,17,"0,1,2,3,4",0.0,95.0,8.95,0.0,2025-12-02,2025-12-31,0,0,LOW
NJB0243,Norman Jackson Beck,3 - Engineering,MechanicalEngineer,Harper Price Harris,7,16,"0,1,2,3,4",0.0,95.0,8.95,0.0,2025-12-02,2025-12-31,0,0,LOW
AIP0394,Anika Isabella Pennington,2 - SoftwareManagement,SoftwareEngineer,Jocelyn Bree Mccray,7,18,"0,1,2,3,4",0.0,95.0,8.85,0.0,2025-12-02,2025-12-31,0,0,LOW
VSA0230,Vivian Sarah Arnold,1 - Research,Mathematician,Jackson Linus Wilkerson,7,18,"0,1,2,3,4",2.1,95.0,8.8,0.45,2025-12-02,2025-12-31,0,0,LOW
VCY0751,Vincent Calvin Young,2 - Sales,Salesman,Lysandra Chastity Brennan,7,16,"0,1,2,3,4",0.0,162.0,14.6,0.0,2025-12-02,2025-12-31,0,0,LOW
OLB0749,Oscar Laith Berger,2 - Sales,Salesman,Lysandra Chastity Brennan,7,16,"0,1,2,3,4",0.0,162.0,14.9,0.0,2025-12-02,2025-12-31,0,0,LOW
ALD0544,Ayanna Leandra Dunlap,1 - Research,Mathematician,Honorato Ivan Wall,7,17,"0,1,2,3,4",0.0,90.25,7.9,0.0,2025-12-02,2025-12-31,0,0,LOW
NCK0421,Nash Conan Knight,3 - Engineering,ComputerScientist,Hadassah Riley Baker,7,17,"0,1,2,3,4",0.0,95.0,8.4,0.0,2025-12-02,2025-12-31,0,0,LOW
MPT0376,Meredith Pamela Tanner,1 - Research,Mathematician,Kim Dara Sullivan,7,15,"0,1,2,3,4,5,6",2.5454545454545454,90.0,8.5,1.181818181818182,2025-12-02,2025-12-31,0,0,LOW
AMH0464,Alfreda Morgan Holloway,3 - Assembly,ProductionLineWorker,Armando Albert Walter,7,17,"0,1,2,3,4",0.0,10.0,0.95,0.0,2025-12-02,2025-12-31,0,0,LOW
KWC0004,Kai Wynne Craft,,VicePresident,Mona Susan Shannon,7,16,"0,1,2,3,4",0.0,285.0,26.8,0.0,2025-12-02,2025-12-31,0,0,LOW
KPC0073,Kareem Porter Collins,2 - SoftwareManagement,ComputerScientist,Vance Ira Alston,7,17,"0,1,2,3,4",0.0,95.0,8.95,0.0,2025-12-02,2025-12-31,0,0,LOW
GBM0603,Galena Britanney Merritt,2 - Sales,Salesman,Winter Veda Burks,7,16,"0,1,2,3,4",0.0,162.0,14.8,0.0,2025-12-02,2025-12-31,0,0,LOW
DLF0377,Dean Lester Figueroa,1 - Research,Mathematician,Kim Dara Sullivan,7,15,"0,1,2,3,4",0.0,95.0,8.65,0.0,2025-12-02,2025-12-31,0,0,LOW
CAA0612,Chelsea Aspen Allen,2 - Sales,Salesman,Winter Veda Burks,7,16,"0,1,2,3,4",2.8,170.0,14.7,0.5,2025-12-02,2025-12-31,0,0,LOW
BLS0678,Benjamin Lewis Sweeney,1 - Research,Mathematician,Sarah Imelda Juarez,7,15,"0,1,2,3,4",0.0,95.0,8.75,0.0,2025-12-02,2025-12-31,0,0,LOW
BMC0547,Britanni Marah Cash,1 - Research,Physicist,Honorato Ivan Wall,7,17,"0,1,2,3,4",0.0,95.0,8.4,0.0,2025-12-02,2025-12-31,0,0,LOW
BIH0745,Benjamin Ignatius Hooper,2 - Sales,Salesman,Lysandra Chastity Brennan,7,16,"0,1,2,3,4",0.0,162.0,14.3,0.0,2025-12-02,2025-12-31,0,0,LOW
RMW0542,Rae Melissa Wilson,1 - Research,Mathematician,Honorato Ivan Wall,7,17,"0,1,2,3,4",2.35,95.0,8.65,2.0,2025-12-02,2025-12-31,0,0,LOW
NCO0666,Nicholas Cade Owen,1 - Research,Scientist,Sarah Imelda Juarez,7,15,"0,1,2,3,4",0.0,95.0,8.85,0.0,2025-12-02,2025-12-31,0,0,LOW
JCV0245,James Cain Vargas,3 - Engineering,MechanicalEngineer,Harper Price Harris,7,16,"0,1,2,3,4",0.0,95.0,8.55,0.0,2025-12-02,2025-12-31,0,0,LOW
SRS0231,Sandra Roary Solomon,1 - Research,Scientist,Jackson Linus Wilkerson,7,18,"0,1,2,3,4",0.0,95.0,8.5,0.0,2025-12-02,2025-12-31,0,0,LOW
TEB0251,Theodore Eagan Bass,3 - Engineering,MechanicalEngineer,Harper Price Harris,7,17,"0,1,2,3,4",0.0,95.0,8.9,0.0,2025-12-02,2025-12-31,0,0,LOW
VTT0385,Vladimir Thomas Todd,1 - Research,Scientist,Kim Dara Sullivan,7,15,"0,1,2,3,4",1.2,95.0,8.85,7.85,2025-12-02,2025-12-31,0,0,LOW
LEM0605,Leo Elmo Monroe,2 - Sales,Salesman,Winter Veda Burks,7,17,"0,1,2,3,4",0.0,162.0,14.95,0.0,2025-12-02,2025-12-31,0,0,LOW
JBM0350,Jocelyn Bree Mccray,2 - SoftwareManagement,Manager,Todd Vance Spears,6,18,"0,1,2,3,4",0.0,143.0,13.45,0.0,2025-12-02,2025-12-31,0,0,LOW
DPM0423,Dalton Perry Mejia,3 - Engineering,HardwareEngineer,Hadassah Riley Baker,7,17,"0,1,2,3,4",4.2,95.0,8.85,3.05,2025-12-02,2025-12-31,0,0,LOW
DBB0384,Demetrius Barry Bullock,1 - Research,Scientist,Kim Dara Sullivan,7,15,"0,1,2,3,4",24.95,95.0,8.7,8.85,2025-12-02,2025-12-31,0,0,LOW
BTN0061,Benjamin Tyrone Norman,1 - Research,Scientist,Jackson Linus Wilkerson,7,18,"0,1,2,3,4",0.0,95.0,8.75,0.0,2025-12-02,2025-12-31,0,0,LOW
JBD0616,Jocelyn Brenna Daniels,2 - Sales,Salesman,Winter Veda Burks,7,16,"0,1,2,3,4",1.1,162.0,14.85,8.7,2025-12-02,2025-12-31,0,0,LOW
KWE0082,Kane Walter Eaton,3 - Engineering,MechanicalEngineer,Harper Price Harris,7,16,"0,1,2,3,4",6.75,95.0,8.9,2.1,2025-12-02,2025-12-31,0,0,LOW
TMA0069,Tobias Martin Ashley,2 - SoftwareManagement,SoftwareEngineer,Vance Ira Alston,7,17,"0,1,2,3,4",0.0,95.0,8.75,0.0,2025-12-02,2025-12-31,0,0,LOW
TSR0676,Todd Scott Roth,1 - Research,Scientist,Sarah Imelda Juarez,7,15,"0,1,2,3,4",1.05,100.0,8.75,2.0,2025-12-02,2025-12-31,0,0,LOW
ZFM0468,Zenia Freya Macias,3 - Assembly,ProductionLineWorker,Armando Albert Walter,7,17,"0,1,2,3,4",0.0,10.0,1.0,0.0,2025-12-02,2025-12-31,0,0,LOW
MSS0001,Mona Susan Shannon,,President,,7,14,"0,1,2,3,4",0.0,400.0,35.75,0.0,2025-12-02,2025-12-31,0,0,LOW
MLP0668,Medge Liberty Petersen,1 - Research,Mathematician,Sarah Imelda Juarez,7,15,"0,1,2,3,4",0.0,95.0,9.0,0.0,2025-12-02,2025-12-31,0,0,LOW
LCB0664,Lysandra Chastity Brennan,2 - Sales,Manager,Donovan Carlos Chapman,7,16,"0,1,2,3,4",1.25,135.0,13.85,8.8,2025-12-02,2025-12-31,0,0,LOW
JJH0613,Jael Jennifer Hansen,2 - Sales,Salesman,Winter Veda Burks,7,16,"0,1,2,3,4",4.25,162.0,13.8,2.6,2025-12-02,2025-12-31,0,0,LOW
HRB0351,Hadassah Riley Baker,3 - Engineering,ChiefEngineer,Declan Lester Moss,7,17,"0,1,2,3,4,5,6",8.217391304347826,190.0,17.47826086956522,0.3478260869565217,2025-12-02,2025-12-31,0,0,LOW
DSB0731,Daryl Skyler Brock,2 - Sales,Salesman,Lysandra Chastity Brennan,7,16,"0,1,2,3,4",0.0,162.0,14.7,0.0,2025-12-02,2025-12-31,0,0,LOW
BXJ0010,Bethany Xerxes Johnson,1 - Personnel,Director,Halla Cathleen Simmons,7,17,"0,1,2,3,4",0.0,190.0,17.9,0.0,2025-12-02,2025-12-31,0,0,LOW
PPF0435,Preston Plato Fischer,3 - Engineering,TestEngineer,Cameron Noel Elliott,7,16,"0,1,2,3,4",0.0,95.0,9.3,0.0,2025-12-02,2025-12-31,0,0,LOW
BSS0463,Bruno Stewart Silva,3 - Assembly,ProductionLineWorker,Armando Albert Walter,7,17,"0,1,2,3,4",0.0,10.0,1.0,0.0,2025-12-02,2025-12-31,0,0,LOW
AKR0057,Aurora Katell Rhodes,1 - Research,AdministrativeAssistant,Jackson Linus Wilkerson,7,18,"0,1,2,3,4",1.35,114.0,10.35,2.1,2025-12-02,2025-12-31,0,0,LOW
AAW0353,Armando Albert Walter,3 - Assembly,AssemblySupervisor,Delilah Iliana Wilkinson,7,17,"0,1,2,3,4",0.0,29.0,2.95,0.0,2025-12-02,2025-12-31,0,0,LOW
CKB0427,Cathleen Kelsey Burke,3 - Engineering,TestEngineer,Cameron Noel Elliott,7,16,"0,1,2,3,4",0.0,95.0,8.75,0.0,2025-12-02,2025-12-31,0,0,LOW
RGN0408,Rhona Germane Nelson,3 - Engineering,SystemsEngineer,Hadassah Riley Baker,7,17,"0,1,2,3,4",0.0,95.0,8.45,0.0,2025-12-02,2025-12-31,0,0,LOW
SIJ0661,Sarah Imelda Juarez,1 - Research,LabManager,Summer Leilani Boyer,7,15,"0,1,2,3,4",0.0,143.0,14.0,0.0,2025-12-02,2025-12-31,0,0,LOW
ANT0430,Amaya Noelle Terrell,3 - Engineering,TestEngineer,Cameron Noel Elliott,7,16,"0,1,2,3,4",0.0,95.0,8.65,0.0,2025-12-02,2025-12-31,0,0,LOW
BIS0247,Bryar Ivana Sweet,3 - Engineering,MechanicalEngineer,Harper Price Harris,6,17,"0,1,2,3,4",0.65,90.0,8.9,0.25,2025-12-02,2025-12-31,0,0,LOW
DGF0443,Dustin Gage Franco,3 - Engineering,MechanicalEngineer,Cameron Noel Elliott,7,16,"0,1,2,3,4",0.0,95.0,8.15,0.0,2025-12-02,2025-12-31,0,0,LOW
DGM0754,DGM0754,,,,7,16,"0,1,2,3,4",0.0,162.0,14.9,0.0,2025-12-02,2025-12-31,0,0,LOW
EPW0434,Ethan Perry Wiggins,3 - Engineering,TestEngineer,Cameron Noel Elliott,7,16,"0,1,2,3,4",0.0,95.0,8.6,0.0,2025-12-02,2025-12-31,0,0,LOW
FHO0630,Frances Hermione Owens,2 - Sales,Salesman,Winter Veda Burks,7,16,"0,1,2,3,4",0.0,162.0,14.0,0.0,2025-12-02,2025-12-31,0,0,LOW
HDL0748,Hedy Delilah Lopez,2 - Sales,Salesman,Lysandra Chastity Brennan,7,16,"0,1,2,3,4",0.0,153.9,14.15,0.0,2025-12-02,2025-12-31,0,0,LOW
HSD0457,Hollee Shannon Dudley,3 - Assembly,ProductionLineWorker,Armando Albert Walter,7,17,"0,1,2,3,4",0.0,10.0,0.85,0.0,2025-12-02,2025-12-31,0,0,LOW
KVS0425,Kirestin Vanna Sykes,3 - Engineering,SystemsEngineer,Hadassah Riley Baker,7,17,"0,1,2,3,4",0.0,95.0,8.5,0.0,2025-12-02,2025-12-31,0,0,LOW
LDG0459,Lacota Dahlia Good,3 - Assembly,ProductionLineWorker,Armando Albert Walter,7,17,"0,1,2,3,4",1.15,10.0,0.95,0.55,2025-12-02,2025-12-31,0,0,LOW
LHB0606,LHB0606,,,,7,16,"0,1,2,3,4",0.0,162.0,14.6,0.0,2025-12-02,2025-12-31,0,0,LOW
MHG0733,Maxwell Hammett Green,2 - Sales,Salesman,Lysandra Chastity Brennan,7,16,"0,1,2,3,4",0.0,162.0,14.5,0.0,2025-12-02,2025-12-31,0,0,LOW
NRD0548,Nissim Rafael Delacruz,1 - Research,Mathematician,Honorato Ivan Wall,7,17,"0,1,2,3,4",0.0,95.0,9.0,0.0,2025-12-02,2025-12-31,0,0,LOW
PGC0066,Prescott Giacomo Conley,2 - SoftwareManagement,AdministrativeAssistant,Vance Ira Alston,7,17,"0,1,2,3,4",0.0,114.0,10.85,0.0,2025-12-02,2025-12-31,0,0,LOW
RJM0381,Rogan Judah Mcintyre,1 - Research,Scientist,Kim Dara Sullivan,7,15,"0,1,2,3,4",0.0,95.0,8.8,0.0,2025-12-02,2025-12-31,0,0,LOW
HWW0436,Hayes William Wheeler,3 - Engineering,TestEngineer,Cameron Noel Elliott,7,16,"0,1,2,3,4",2.7,90.0,9.6,1.65,2025-12-02,2025-12-31,0,0,LOW
MLG0475,Melodie Lee Glenn,3 - Assembly,ProductionLineWorker,Armando Albert Walter,7,17,"0,1,2,3,4",0.0,10.0,0.95,0.0,2025-12-02,2025-12-31,0,0,LOW
NBC0412,Nyssa Britanney Carver,3 - Engineering,SystemsEngineer,Hadassah Riley Baker,7,17,"0,1,2,3,4",0.0,100.0,9.95,0.0,2025-12-02,2025-12-31,0,0,LOW
TEM0977,Tara Echo Myers,1 - Personnel,HumanResourceSpecialist,Bethany Xerxes Johnson,7,17,"0,1,2,3,4",0.0,114.0,10.1,0.0,2025-12-02,2025-12-31,0,0,LOW
RVC0232,Rama Vielka Clayton,1 - Research,Mathematician,Jackson Linus Wilkerson,7,18,"0,1,2,3,4",0.0,95.0,8.45,0.0,2025-12-02,2025-12-31,0,0,LOW
PID0426,Portia Illana David,3 - Engineering,TestEngineer,Cameron Noel Elliott,6,16,"0,1,2,3,4,5",0.0,90.47619047619048,8.285714285714286,0.0,2025-12-02,2025-12-31,0,0,LOW
KES0729,Kylie Elizabeth Santos,2 - Sales,Salesman,Lysandra Chastity Brennan,7,16,"0,1,2,3,4",0.0,162.0,14.75,0.0,2025-12-02,2025-12-31,0,0,LOW
JLW0053,Jackson Linus Wilkerson,1 - Research,LabManager,Summer Leilani Boyer,7,18,"0,1,2,3,4",0.0,143.0,13.8,0.0,2025-12-02,2025-12-31,0,0,LOW
HJA0018,Honorato Joseph Adkins,1 - Personnel,HumanResourceSpecialist,Bethany Xerxes Johnson,7,17,"0,1,2,3,4",0.0,114.0,10.85,0.0,2025-12-02,2025-12-31,0,0,LOW
HIA0414,Herman Ian Abbott,3 - Engineering,SystemsEngineer,Hadassah Riley Baker,7,17,"0,1,2,3,4",0.0,95.0,8.35,0.0,2025-12-02,2025-12-31,0,0,LOW
EAH0466,EAH0466,,,,7,17,"0,1,2,3,4",8.75,10.0,0.95,0.4,2025-12-02,2025-12-31,0,0,LOW
DGW0752,Dennis Gray Wilson,2 - Sales,Salesman,Lysandra Chastity Brennan,7,16,"0,1,2,3,4",0.0,162.0,14.7,0.0,2025-12-02,2025-12-31,0,0,LOW
BSH0445,Bethany Stephanie Haynes,3 - Engineering,TestEngineer,Cameron Noel Elliott,7,16,"0,1,2,3,4",0.0,95.0,8.9,0.0,2025-12-02,2025-12-31,0,0,LOW
BTR0403,Beck Troy Richards,2 - SoftwareManagement,ComputerScientist,Jocelyn Bree Mccray,7,18,"0,1,2,3,4",1.2,95.0,8.6,1.1,2025-12-02,2025-12-31,0,0,LOW
NNS0059,Noah Nathan Shaffer,1 - Research,Scientist,Jackson Linus Wilkerson,7,18,"0,1,2,3,4",0.0,95.0,8.9,0.0,2025-12-02,2025-12-31,0,0,LOW
PBP0002,Price Bevis Pittman,,AdministrativeAssistant,Mona Susan Shannon,7,14,"0,1,2,3,4",0.0,114.0,10.6,0.0,2025-12-02,2025-12-31,0,0,LOW
RAS0432,Robert Aristotle Stevenson,3 - Engineering,TestEngineer,Cameron Noel Elliott,7,16,"0,1,2,3,4",0.0,95.0,8.75,0.0,2025-12-02,2025-12-31,0,0,LOW
KNG0672,Kasimir Nehru Galloway,1 - Research,Physicist,Sarah Imelda Juarez,7,15,"0,1,2,3,4",0.0,95.0,9.0,0.0,2025-12-02,2025-12-31,0,0,LOW
ARA0252,Alexander Rafael Arnold,3 - Engineering,MechanicalEngineer,Harper Price Harris,7,16,"0,1,2,3,4",0.0,95.0,8.75,0.0,2025-12-02,2025-12-31,0,0,LOW
FDE0117,Fritz Dale Ellison,2 - ManufacturingEngineering,Manager,Byron Tyrone Williamson,8,19,"0,1,2,3,4",0.0,143.0,13.9,0.0,2025-12-02,2025-12-31,0,0,LOW
GCC0744,Grady Craig Coffey,2 - Sales,Salesman,Lysandra Chastity Brennan,7,16,"0,1,2,3,4",0.0,162.0,14.6,0.0,2025-12-02,2025-12-31,0,0,LOW
GCL0016,Gil Calvin Lindsay,1 - Personnel,AdministrativeAssistant,Bethany Xerxes Johnson,7,17,"0,1,2,3,4,5,6",0.1363636363636363,114.0,10.318181818181818,0.4090909090909091,2025-12-02,2025-12-31,0,0,LOW
HCV0478,Harper Clark Vazquez,2 - Sales,Salesman,Bert Jason Henderson,8,17,"0,1,2,3,4",0.0,162.0,14.5,0.0,2025-12-02,2025-12-31,0,0,LOW
IRT0491,Iris Rhea Terrell,2 - Sales,Salesman,Bert Jason Henderson,8,17,"0,1,2,3,4",0.0,162.0,14.65,0.0,2025-12-02,2025-12-31,0,0,LOW
JKB0126,Jaden Kylan Buckley,2 - ManufacturingEngineering,ElectricalEngineer,Fritz Dale Ellison,8,19,"0,1,2,3,4",0.0,95.0,8.2,0.0,2025-12-02,2025-12-31,0,0,LOW
MAD0753,Mallory Alexis Daniel,2 - Sales,Salesman,Lysandra Chastity Brennan,7,16,"0,1,2,3,4",0.0,162.0,14.8,0.0,2025-12-02,2025-12-31,0,0,LOW
ERH0449,Ella Rachel Hess,3 - Assembly,ProductionLineWorker,Armando Albert Walter,7,17,"0,1,2,3,4",0.0,10.0,0.9,0.0,2025-12-02,2025-12-31,0,0,LOW
MIC0726,Martin Ivan Cooper,2 - Sales,Salesman,Lysandra Chastity Brennan,7,16,"0,1,2,3,4",0.0,162.0,14.55,0.0,2025-12-02,2025-12-31,0,0,LOW
RHO0732,Risa Hillary Obrien,2 - Sales,Salesman,Lysandra Chastity Brennan,6,17,"0,1,2,3,4",2.9,162.0,14.45,2.05,2025-12-02,2025-12-31,0,0,LOW
SVL0803,Stephanie Victoria Lyons,1 - Research,Mathematician,Sasha Britanney Quinn,8,17,"0,1,2,3,4",0.0,95.0,8.5,0.0,2025-12-02,2025-12-31,0,0,LOW
TJD0996,Thor Jameson Diaz,2 - ManufacturingEngineering,ElectricalEngineer,Fritz Dale Ellison,8,19,"0,1,2,3,4",0.0,95.0,8.5,0.0,2025-12-02,2025-12-31,0,0,LOW
VMJ0546,Veda Martina Jacobson,1 - Research,Physicist,Honorato Ivan Wall,7,17,"0,1,2,3,4",9.45,95.0,8.9,2.5,2025-12-02,2025-12-31,0,0,LOW
KDS0349,Kim Dara Sullivan,1 - Research,LabManager,Summer Leilani Boyer,7,15,"0,1,2,3,4",0.0,143.0,13.7,0.0,2025-12-02,2025-12-31,0,0,LOW
EIP0997,Emily Illana Perry,2 - ManufacturingEngineering,ElectricalEngineer,Fritz Dale Ellison,8,19,"0,1,2,3,4",0.0,95.0,8.85,0.0,2025-12-02,2025-12-31,0,0,LOW
DIB0081,Drew Ivan Beck,3 - Engineering,MechanicalEngineer,Harper Price Harris,7,16,"0,1,2,3,4",9.45,95.0,8.55,2.85,2025-12-02,2025-12-31,0,0,LOW
WSR0241,Wanda Samantha Rogers,2 - SoftwareManagement,ComputerProgrammer,Vance Ira Alston,7,17,"0,1,2,3,4",0.0,95.0,9.35,0.0,2025-12-02,2025-12-31,0,0,LOW
DLS0383,Diana Lillian Solis,1 - Research,Scientist,Kim Dara Sullivan,7,15,"0,1,2,3,4",0.0,90.0,8.65,0.0,2025-12-02,2025-12-31,0,0,LOW
WTF0387,William Trevor Fuentes,1 - Research,Mathematician,Kim Dara Sullivan,7,15,"0,1,2,3,4",0.0,95.0,8.95,0.0,2025-12-02,2025-12-31,0,0,LOW
CAB0388,Cedric Alexander Bowers,1 - Research,Scientist,Kim Dara Sullivan,7,15,"0,1,2,3,4",0.0,95.0,8.85,0.0,2025-12-02,2025-12-31,0,0,LOW
CSH0626,Colin Stuart Holloway,2 - Sales,Salesman,Winter Veda Burks,6,16,"0,1,2,3,4,5,6",0.0,162.0,13.869565217391305,0.0,2025-12-02,2025-12-31,0,0,LOW
YEV0793,Yardley Ezra Vang,1 - Research,Scientist,Sasha Britanney Quinn,8,17,"0,1,2,3,4",0.0,95.0,8.75,0.0,2025-12-02,2025-12-31,0,0,LOW
KPR0497,Kirk Palmer Rosales,2 - Sales,Salesman,Bert Jason Henderson,8,17,"0,1,2,3,4",0.0,162.0,13.75,0.0,2025-12-02,2025-12-31,0,0,LOW
KJP0371,Kyla Jocelyn Porter,6 - Security,ITAdmin,Francis Brian Armstrong,3,20,"0,1,2,3,4",0.0,108.57142857142856,9.80952380952381,0.0,2025-12-02,2025-12-31,0,0,LOW
CTW0500,Chanda Tamekah William,2 - Sales,Salesman,Bert Jason Henderson,8,17,"0,1,2,3,4",0.0,162.0,13.0,0.0,2025-12-02,2025-12-31,0,0,LOW
CUD0795,Charity Uta Daniels,1 - Research,Physicist,Sasha Britanney Quinn,8,17,"0,1,2,3,4",0.0,95.0,8.75,0.0,2025-12-02,2025-12-31,0,0,LOW
SBN0495,Sonya Beatrice Nichols,2 - Sales,Salesman,Bert Jason Henderson,8,17,"0,1,2,3,4",0.0,162.0,14.9,0.0,2025-12-02,2025-12-31,0,0,LOW
AMH0794,Ali Murphy Hurley,1 - Research,Physicist,Sasha Britanney Quinn,8,17,"0,1,2,3,4",0.0,95.0,8.4,0.0,2025-12-02,2025-12-31,0,0,LOW
CKB0482,Colton Kaseem Bolton,2 - Sales,Salesman,Bert Jason Henderson,8,17,"0,1,2,3,4",0.0,162.0,14.55,0.0,2025-12-02,2025-12-31,0,0,LOW
NAB0801,Nelle April Bowen,1 - Research,Mathematician,Sasha Britanney Quinn,8,17,"0,1,2,3,4",0.0,95.0,8.9,0.0,2025-12-02,2025-12-31,0,0,LOW
CNM0800,Charissa Nyssa Mcgee,1 - Research,Scientist,Sasha Britanney Quinn,8,17,"0,1,2,3,4",0.0,95.0,8.55,0.0,2025-12-02,2025-12-31,0,0,LOW
CJF0802,Camille Julie Freeman,1 - Research,Mathematician,Sasha Britanney Quinn,7,16,"0,1,2,3,4,5",0.0,95.23809523809524,8.476190476190476,0.0,2025-12-02,2025-12-31,0,0,LOW
CJC0494,Caleb Jonas Chang,2 - Sales,Salesman,Bert Jason Henderson,8,17,"0,1,2,3,4",0.0,162.0,14.4,0.0,2025-12-02,2025-12-31,0,0,LOW
SMB0804,Sierra Margaret Barker,1 - Research,Scientist,Sasha Britanney Quinn,8,17,"0,1,2,3,4",0.0,95.0,8.6,0.0,2025-12-02,2025-12-31,0,0,LOW
TDJ0998,Tobias Dakota Jacobs,2 - ManufacturingEngineering,MechanicalEngineer,Fritz Dale Ellison,8,19,"0,1,2,3,4",0.0,95.0,8.9,0.0,2025-12-02,2025-12-31,0,0,LOW
RHP0484,Randall Hashim Palmer,2 - Sales,Salesman,Bert Jason Henderson,8,17,"0,1,2,3,4",0.0,162.0,15.2,0.0,2025-12-02,2025-12-31,0,0,LOW
TOR0193,Tarik Odysseus Rivera,1 - Purchasing,AdministrativeAssistant,August Armando Evans,8,18,"0,1,2,3,4",0.0,114.0,10.3,0.0,2025-12-02,2025-12-31,0,0,LOW
LPC0492,Lenore Piper Cardenas,2 - Sales,Salesman,Bert Jason Henderson,8,17,"0,1,2,3,4",0.0,153.0,14.55,0.0,2025-12-02,2025-12-31,0,0,LOW
BKW0374,Blossom Keiko Weiss,6 - Security,ITAdmin,Francis Brian Armstrong,3,18,"0,1,2,3,4",0.0,108.57142857142856,10.285714285714286,0.0,2025-12-02,2025-12-31,0,0,LOW
JJB0127,Jin Jonathan Buckley,2 - ManufacturingEngineering,MechanicalEngineer,Fritz Dale Ellison,8,19,"0,1,2,3,4",0.0,95.0,8.4,0.0,2025-12-02,2025-12-31,0,0,LOW
SAA0999,Shelly Audra Ayala,2 - ManufacturingEngineering,ElectricalEngineer,Fritz Dale Ellison,8,19,"0,1,2,3,4",24.3,90.0,8.55,8.35,2025-12-02,2025-12-31,0,0,LOW
TTD1000,Tiger Tucker Dawson,2 - ManufacturingEngineering,MechanicalEngineer,Fritz Dale Ellison,8,19,"0,1,2,3,4",0.0,95.0,8.85,0.0,2025-12-02,2025-12-31,0,0,LOW
MHA0798,Montana Hannah Arnold,1 - Research,Mathematician,Sasha Britanney Quinn,8,17,"0,1,2,3,4",0.0,95.0,8.6,0.0,2025-12-02,2025-12-31,0,0,LOW
KRL0501,Kirby Ruby Lyons,2 - Sales,Salesman,Bert Jason Henderson,8,17,"0,1,2,3,4",2.65,162.0,14.4,2.05,2025-12-02,2025-12-31,0,0,LOW
ASB0796,Ayanna Sylvia Blankenship,1 - Research,Mathematician,Sasha Britanney Quinn,8,17,"0,1,2,3,4",0.0,95.0,8.65,0.0,2025-12-02,2025-12-31,0,0,LOW
SSH0799,Sonya Samantha Hahn,1 - Research,Scientist,Sasha Britanney Quinn,8,17,"0,1,2,3,4",0.0,95.0,8.6,0.0,2025-12-02,2025-12-31,0,0,LOW
CMM0487,Cora Maisie Mclean,2 - Sales,Salesman,Bert Jason Henderson,8,17,"0,1,2,3,4",0.0,162.0,14.55,0.0,2025-12-02,2025-12-31,0,0,LOW
SBQ0786,Sasha Britanney Quinn,1 - Research,LabManager,Summer Leilani Boyer,8,17,"0,1,2,3,4",0.0,143.0,12.8,0.0,2025-12-02,2025-12-31,0,0,LOW
HDS0367,Hayes Drake Stephenson,6 - Security,ITAdmin,Francis Brian Armstrong,3,19,"0,1,2,3,4",11.952380952380953,108.57142857142856,9.904761904761903,4.380952380952381,2025-12-02,2025-12-31,0,0,LOW
AAF0791,Aladdin Abraham Foley,1 - Research,Physicist,Sasha Britanney Quinn,8,17,"0,1,2,3,4",0.0,95.0,8.9,0.0,2025-12-02,2025-12-31,0,0,LOW
SES0477,Sebastian Elliott Sexton,2 - Sales,Salesman,Bert Jason Henderson,8,17,"0,1,2,3,4",0.0,162.0,14.5,0.0,2025-12-02,2025-12-31,0,0,LOW
BEC0505,Bruce Eden Clemons,2 - Sales,Salesman,Bert Jason Henderson,8,17,"0,1,2,3,4",0.0,153.0,14.95,0.0,2025-12-02,2025-12-31,0,0,LOW
DGN0480,Donovan Garth Nieves,2 - Sales,Salesman,Bert Jason Henderson,8,17,"0,1,2,3,4",0.0,162.0,14.95,0.0,2025-12-02,2025-12-31,0,0,LOW
DBW0483,Deborah Barbara White,2 - Sales,Salesman,Bert Jason Henderson,8,17,"0,1,2,3,4",0.0,162.0,14.8,0.0,2025-12-02,2025-12-31,0,0,LOW
TLM0797,Tobias Lucas Morin,1 - Research,Mathematician,Sasha Britanney Quinn,8,17,"0,1,2,3,4",0.0,95.0,8.75,0.0,2025-12-02,2025-12-31,0,0,LOW
NMC0486,Nicole Macey Craig,2 - Sales,Salesman,Bert Jason Henderson,8,17,"0,1,2,3,4",0.0,153.9,13.65,0.0,2025-12-02,2025-12-31,0,0,LOW
AAE0190,August Armando Evans,1 - Purchasing,Manager,Kirby Bo Pollard,8,18,"0,1,2,3,4",0.0,143.0,13.5,0.0,2025-12-02,2025-12-31,0,0,LOW
LQC0479,Leilani Quail Callahan,2 - Sales,Salesman,Bert Jason Henderson,8,17,"0,1,2,3,4",0.0,162.0,14.95,0.0,2025-12-02,2025-12-31,0,0,LOW
JIG0128,Josephine Indira Garza,2 - ManufacturingEngineering,MechanicalEngineer,Fritz Dale Ellison,8,19,"0,1,2,3,4",0.0,95.0,8.6,0.0,2025-12-02,2025-12-31,0,0,LOW
IMB0481,Isabelle Maggie Benjamin,2 - Sales,Salesman,Bert Jason Henderson,8,17,"0,1,2,3,4",0.0,162.0,14.7,0.0,2025-12-02,2025-12-31,0,0,LOW
KAC0124,Kathleen Aline Chan,2 - ManufacturingEngineering,ElectricalEngineer,Fritz Dale Ellison,8,19,"0,1,2,3,4",0.0,95.0,8.95,0.0,2025-12-02,2025-12-31,0,0,LOW
RBB0485,Raphael Benjamin Bryan,2 - Sales,Salesman,Bert Jason Henderson,8,17,"0,1,2,3,4",0.0,162.0,14.5,0.0,2025-12-02,2025-12-31,0,0,LOW
MMB0488,Maggy Melissa Burt,2 - Sales,Salesman,Bert Jason Henderson,8,17,"0,1,2,3,4",0.0,162.0,14.0,0.0,2025-12-02,2025-12-31,0,0,LOW
OCB0805,Oren Curran Brady,1 - Research,Mathematician,Sasha Britanney Quinn,8,17,"0,1,2,3,4",0.0,95.0,8.65,0.0,2025-12-02,2025-12-31,0,0,LOW
SAT0194,Sawyer Abel Turner,1 - Purchasing,PurchasingClerk,August Armando Evans,8,18,"0,1,2,3,4",0.0,114.0,10.55,0.0,2025-12-02,2025-12-31,0,0,LOW
CSP0197,Callum Scott Parrish,1 - Purchasing,PurchasingClerk,August Armando Evans,8,18,"0,1,2,3,4",0.0,114.0,10.7,0.0,2025-12-02,2025-12-31,0,0,LOW
WDD0366,Wesley Dustin Dickerson,6 - Security,ITAdmin,Francis Brian Armstrong,4,18,"0,1,2,3,4",0.0,108.57142857142856,9.714285714285714,0.0,2025-12-02,2025-12-31,0,0,LOW
CBG0490,Callum Brendan Gonzalez,2 - Sales,Salesman,Bert Jason Henderson,8,17,"0,1,2,3,4",0.0,162.0,13.75,0.0,2025-12-02,2025-12-31,0,0,LOW
BJH0354,Bert Jason Henderson,2 - Sales,Manager,Donovan Carlos Chapman,8,17,"0,1,2,3,4",0.0,143.0,13.9,0.0,2025-12-02,2025-12-31,0,0,LOW
XHW0498,Xerxes Howard Wilcox,2 - Sales,Salesman,Bert Jason Henderson,8,17,"0,1,2,3,4",1.8,162.0,14.35,2.3,2025-12-02,2025-12-31,0,0,LOW
KAT0489,Katell Amethyst Thornton,2 - Sales,Salesman,Bert Jason Henderson,8,17,"0,1,2,3,4",0.0,162.0,14.85,0.0,2025-12-02,2025-12-31,0,0,LOW
CWR0502,Colt Walter Reynolds,2 - Sales,Salesman,Bert Jason Henderson,8,17,"0,1,2,3,4",2.7,162.0,13.55,1.35,2025-12-02,2025-12-31,0,0,LOW
SMY0792,Savannah Marcia Yang,1 - Research,Mathematician,Sasha Britanney Quinn,8,17,"0,1,2,3,4",3.3,95.0,8.85,1.1,2025-12-02,2025-12-31,0,0,LOW
DDA0476,Dane Davis Atkins,2 - Sales,Salesman,Bert Jason Henderson,8,17,"0,1,2,3,4",0.0,162.0,14.7,0.0,2025-12-02,2025-12-31,0,0,LOW
FBA0348,Francis Brian Armstrong,6 - Security,Manager,Fatima Ulla Mcclure,8,16,"0,1,2,3,4",0.0,143.0,13.25,0.0,2025-12-02,2025-12-31,0,0,LOW
HKF0831,Hiroko Kiona Faulkner,3 - Assembly,ProductionLineWorker,Amy Lucy Chen,8,19,"0,1,2,3,4",0.0,10.0,1.0,0.0,2025-12-02,2025-12-31,0,0,LOW
MAH0149,Myles August Heath,1 - Accounting,AdministrativeAssistant,Cedric Herrod Gilliam,8,16,"0,1,2,3,4",0.0,114.0,10.95,0.0,2025-12-02,2025-12-31,0,0,LOW
BWH0813,Brock William Hunter,2 - SoftwareManagement,ComputerScientist,Sara Gail George,8,20,"0,1,2,3,4",0.0,95.0,8.75,0.0,2025-12-02,2025-12-31,0,0,LOW
ANM0123,ANM0123,,,,8,19,"0,1,2,3,4",1.85,114.0,10.75,1.25,2025-12-02,2025-12-31,0,0,LOW
IBB0359,Ira Brendan Ball,6 - Security,ITAdmin,Francis Brian Armstrong,3,19,"0,1,2,3,4",8.952380952380953,108.57142857142856,9.952380952380953,10.80952380952381,2025-12-02,2025-12-31,0,0,LOW
JXH0493,Justin Xerxes Hansen,2 - Sales,Salesman,Bert Jason Henderson,8,17,"0,1,2,3,4",0.0,162.0,13.8,0.0,2025-12-02,2025-12-31,0,0,LOW
LDM0587,Lila Dana Mcintyre,3 - Assembly,ProductionLineWorker,Whilemina Pandora England,8,18,"0,1,2,3,4",0.0,10.0,1.0,0.0,2025-12-02,2025-12-31,0,0,LOW
ELT0769,Echo Leandra Torres,3 - FieldService,Technician,Blaine Helen Cervantes,8,16,"0,1,2,3,4",0.0,29.0,2.75,0.0,2025-12-02,2025-12-31,0,0,LOW
MBW0809,MBW0809,,,,8,20,"0,1,2,3,4",0.0,95.0,8.45,0.0,2025-12-02,2025-12-31,0,0,LOW
SKG0759,Sonia Karly Goodwin,3 - FieldService,Technician,Blaine Helen Cervantes,8,16,"0,1,2,3,4",0.0,29.0,2.85,0.0,2025-12-02,2025-12-31,0,0,LOW
OLF0504,Oliver Logan Fowler,2 - Sales,Salesman,Bert Jason Henderson,8,17,"0,1,2,3,4",0.0,162.0,13.85,0.0,2025-12-02,2025-12-31,0,0,LOW
PMV0850,Priscilla Martha Vinson,3 - Assembly,ProductionLineWorker,Amy Lucy Chen,8,19,"0,1,2,3,4",1.25,9.5,0.9,0.95,2025-12-02,2025-12-31,0,0,LOW
SOB0360,Sean Omar Burgess,6 - Security,ITAdmin,Francis Brian Armstrong,3,19,"0,1,2,3,4",0.0,114.0,10.85,0.0,2025-12-02,2025-12-31,0,0,LOW
VFM0814,Vernon Finn Mcgee,2 - SoftwareManagement,ComputerProgrammer,Sara Gail George,8,20,"0,1,2,3,4",0.3,95.0,9.0,0.4,2025-12-02,2025-12-31,0,0,LOW
MJB0588,Mikayla Jaden Barron,3 - Assembly,ProductionLineWorker,Whilemina Pandora England,8,18,"0,1,2,3,4",0.0,10.0,1.0,0.0,2025-12-02,2025-12-31,0,0,LOW
EMW0772,Elvis Marshall Walton,3 - FieldService,Technician,Blaine Helen Cervantes,8,16,"0,1,2,3,4",0.5,29.0,2.75,0.25,2025-12-02,2025-12-31,0,0,LOW
CFM0767,Cecilia Freya Morgan,3 - FieldService,Technician,Blaine Helen Cervantes,7,16,"0,1,2,3,4",1.95,29.0,3.0,0.9,2025-12-02,2025-12-31,0,0,LOW
DCH0843,Dominic Calvin Hewitt,3 - Assembly,ProductionLineWorker,Amy Lucy Chen,8,19,"0,1,2,3,4",0.0,10.0,1.0,0.0,2025-12-02,2025-12-31,0,0,LOW
ECF0828,Erasmus Cameron Franco,3 - Assembly,ProductionLineWorker,Amy Lucy Chen,8,19,"0,1,2,3,4",0.0,10.0,1.0,0.0,2025-12-02,2025-12-31,0,0,LOW
QSV0778,Quintessa Shana Vance,3 - FieldService,Technician,Blaine Helen Cervantes,8,16,"0,1,2,3,4",0.0,29.0,2.95,0.0,2025-12-02,2025-12-31,0,0,LOW
WPE0538,Whilemina Pandora England,3 - Assembly,AssemblySupervisor,Delilah Iliana Wilkinson,8,18,"0,1,2,3,4",0.0,29.0,2.9,0.0,2025-12-02,2025-12-31,0,0,LOW
AES0827,Addison Edward Snyder,3 - Assembly,ProductionLineWorker,Amy Lucy Chen,8,19,"0,1,2,3,4",0.0,10.0,0.9,0.0,2025-12-02,2025-12-31,0,0,LOW
ARB0834,Amelia Rhoda Burgess,3 - Assembly,ProductionLineWorker,Amy Lucy Chen,8,19,"0,1,2,3,4",0.0,10.0,0.95,0.0,2025-12-02,2025-12-31,0,0,LOW
CLB0774,Charde Lareina Barrett,3 - FieldService,Technician,Blaine Helen Cervantes,6,15,"0,1,2,3,4,5",19.0,27.61904761904762,2.857142857142857,8.19047619047619,2025-12-02,2025-12-31,0,0,LOW
IJR0825,Ivor Jelani Robbins,3 - Assembly,ProductionLineWorker,Amy Lucy Chen,8,19,"0,1,2,3,4",0.0,10.0,1.0,0.0,2025-12-02,2025-12-31,0,0,LOW
LPH0572,LPH0572,,,,8,18,"0,1,2,3,4",0.0,10.0,1.0,0.0,2025-12-02,2025-12-31,0,0,LOW
MNR0829,Maryam Nelle Ruiz,3 - Assembly,ProductionLineWorker,Amy Lucy Chen,8,19,"0,1,2,3,4",0.0,10.0,0.85,0.0,2025-12-02,2025-12-31,0,0,LOW
MVF0594,Mohammad Vladimir Farrell,3 - Assembly,ProductionLineWorker,Whilemina Pandora England,8,18,"0,1,2,3,4",0.0,10.0,1.0,0.0,2025-12-02,2025-12-31,0,0,LOW
NMF0780,Noble Merrill Fuller,3 - FieldService,Technician,Blaine Helen Cervantes,8,16,"0,1,2,3,4",0.0,29.0,2.9,0.0,2025-12-02,2025-12-31,0,0,LOW
CHG0146,Cedric Herrod Gilliam,1 - Accounting,Manager,Thomas Vladimir Stokes,8,16,"0,1,2,3,4",0.0,143.0,13.45,0.0,2025-12-02,2025-12-31,0,0,LOW
CIG0052,Chastity Ima Gibson,1 - Research,AdministrativeAssistant,Summer Leilani Boyer,8,17,"0,1,2,3,4",0.0,114.0,10.0,0.0,2025-12-02,2025-12-31,0,0,LOW
CRK0916,Chandler Raymond Kirk,1 - Research,Physicist,Lillith Adena Matthews,7,19,"0,1,2,3,4",0.0,95.0,9.45,0.0,2025-12-02,2025-12-31,0,0,LOW
DDM0579,Dale Dorian Mercado,3 - Assembly,ProductionLineWorker,Whilemina Pandora England,8,18,"0,1,2,3,4",0.0,10.0,0.95,0.0,2025-12-02,2025-12-31,0,0,LOW
EHB0824,Eugenia Hannah Blanchard,3 - Assembly,ProductionLineWorker,Amy Lucy Chen,8,19,"0,1,2,3,4",0.0,10.0,1.0,0.0,2025-12-02,2025-12-31,0,0,LOW
HBB0056,Hayden Bernard Benson,1 - Research,Scientist,Summer Leilani Boyer,8,17,"0,1,2,3,4",0.0,95.0,8.0,0.0,2025-12-02,2025-12-31,0,0,LOW
ILC0838,Ivan Levi Craig,3 - Assembly,ProductionLineWorker,Amy Lucy Chen,8,19,"0,1,2,3,4",0.0,10.0,1.0,0.0,2025-12-02,2025-12-31,0,0,LOW
JFC0757,Jolene Frances Carey,3 - FieldService,Technician,Blaine Helen Cervantes,8,16,"0,1,2,3,4",0.0,29.0,2.7,0.0,2025-12-02,2025-12-31,0,0,LOW
JMC0925,Jade Maris Coleman,1 - Research,Physicist,Lillith Adena Matthews,6,19,"0,1,2,3,4",0.0,95.0,9.7,0.0,2025-12-02,2025-12-31,0,0,LOW
PNH0761,Phelan Nissim Howell,3 - FieldService,Technician,Blaine Helen Cervantes,7,16,"0,1,2,3,4",7.15,27.0,2.95,0.35,2025-12-02,2025-12-31,0,0,LOW
JSA0775,Julian Samson Allen,3 - FieldService,Technician,Blaine Helen Cervantes,8,16,"0,1,2,3,4",0.0,29.0,2.95,0.0,2025-12-02,2025-12-31,0,0,LOW
AAN0823,Anthony Aidan Nixon,3 - Assembly,ProductionLineWorker,Amy Lucy Chen,8,19,"0,1,2,3,4",0.0,10.0,0.95,0.0,2025-12-02,2025-12-31,0,0,LOW
NHE0919,Nigel Harrison Estrada,1 - Research,Scientist,Lillith Adena Matthews,8,19,"0,1,2,3,4",0.0,95.0,8.8,0.0,2025-12-02,2025-12-31,0,0,LOW
NRO0768,Nora Regina Oconnor,3 - FieldService,Technician,Blaine Helen Cervantes,8,16,"0,1,2,3,4",0.0,30.0,3.0,0.0,2025-12-02,2025-12-31,0,0,LOW
SAC0592,Serina Amena Chavez,3 - Assembly,ProductionLineWorker,Whilemina Pandora England,8,18,"0,1,2,3,4",0.0,10.0,1.0,0.0,2025-12-02,2025-12-31,0,0,LOW
TJG0582,Timon Jacob Gay,3 - Assembly,ProductionLineWorker,Whilemina Pandora England,8,18,"0,1,2,3,4",0.0,10.0,1.0,0.0,2025-12-02,2025-12-31,0,0,LOW
ADD0846,Aretha Dorothy Deleon,3 - Assembly,ProductionLineWorker,Amy Lucy Chen,8,19,"0,1,2,3,4",0.0,10.0,1.0,0.0,2025-12-02,2025-12-31,0,0,LOW
ASD0577,Aquila Stewart Dejesus,3 - Assembly,ProductionLineWorker,Whilemina Pandora England,8,18,"0,1,2,3,4",0.0,10.0,1.0,0.0,2025-12-02,2025-12-31,0,0,LOW
RAB0589,Raymond Arsenio Blackwell,3 - Assembly,ProductionLineWorker,Whilemina Pandora England,8,18,"0,1,2,3,4",0.0,9.0,1.0,0.0,2025-12-02,2025-12-31,0,0,LOW
LCC0819,Leslie Cassandra Colon,2 - SoftwareManagement,ComputerProgrammer,Sara Gail George,8,20,"0,1,2,3,4",1.85,95.0,8.8,2.0,2025-12-02,2025-12-31,0,0,LOW
JRL0574,Joy Rosalyn Leblanc,3 - Assembly,ProductionLineWorker,Whilemina Pandora England,8,18,"0,1,2,3,4",0.0,10.0,0.9,0.0,2025-12-02,2025-12-31,0,0,LOW
CHM0821,Carter Harrison Maldonado,3 - Assembly,ProductionLineWorker,Amy Lucy Chen,7,19,"0,1,2,3,4",3.95,10.0,1.0,0.95,2025-12-02,2025-12-31,0,0,LOW
HAH0760,Hilda Alice Hahn,3 - FieldService,Technician,Blaine Helen Cervantes,8,16,"0,1,2,3,4",5.15,29.0,3.0,1.8,2025-12-02,2025-12-31,0,0,LOW
CAN0842,Chadwick Armand Nunez,3 - Assembly,ProductionLineWorker,Amy Lucy Chen,8,19,"0,1,2,3,4",0.0,10.0,0.95,0.0,2025-12-02,2025-12-31,0,0,LOW
BCR0581,Bruno Carter Robles,3 - Assembly,ProductionLineWorker,Whilemina Pandora England,8,18,"0,1,2,3,4",0.0,10.0,0.95,0.0,2025-12-02,2025-12-31,0,0,LOW
HCS0003,Halla Cathleen Simmons,,VicePresident,Mona Susan Shannon,8,17,"0,1,2,3,4",8.5,285.0,26.65,3.2,2025-12-02,2025-12-31,0,0,LOW
XWD0923,Xander Walter Doyle,1 - Research,Mathematician,Lillith Adena Matthews,8,19,"0,1,2,3,4",24.6,95.0,9.85,2.15,2025-12-02,2025-12-31,0,0,LOW
JCR0921,Jonas Connor Riddle,1 - Research,Physicist,Lillith Adena Matthews,8,19,"0,1,2,3,4",0.0,95.0,8.8,0.0,2025-12-02,2025-12-31,0,0,LOW
EHD0584,Ezra Hilel Dyer,3 - Assembly,ProductionLineWorker,Whilemina Pandora England,8,18,"0,1,2,3,4",0.0,9.0,0.95,0.0,2025-12-02,2025-12-31,0,0,LOW
IJM0776,Indira Jocelyn Mack,3 - FieldService,Technician,Blaine Helen Cervantes,8,16,"0,1,2,3,4",1.75,29.0,2.9,1.9,2025-12-02,2025-12-31,0,0,LOW
IBS0836,Isadora Blaine Shepherd,3 - Assembly,ProductionLineWorker,Amy Lucy Chen,7,19,"0,1,2,3,4,5,6",2.227272727272727,9.0,1.0,1.0,2025-12-02,2025-12-31,0,0,LOW
BMG0917,Beverly Melissa Garner,1 - Research,Physicist,Lillith Adena Matthews,7,19,"0,1,2,3,4",22.6,100.0,8.85,8.4,2025-12-02,2025-12-31,0,0,LOW
ALC0788,Amy Lucy Chen,3 - Assembly,AssemblySupervisor,Delilah Iliana Wilkinson,8,19,"0,1,2,3,4",0.0,29.0,3.0,0.0,2025-12-02,2025-12-31,0,0,LOW
ACV0812,Alden Caesar Velez,2 - SoftwareManagement,ComputerProgrammer,Sara Gail George,5,19,"0,1,2,3,4,5",0.0,85.71428571428571,8.285714285714286,0.0,2025-12-02,2025-12-31,0,0,LOW
ABM0845,Ariel Bertha Murphy,3 - Assembly,ProductionLineWorker,Amy Lucy Chen,8,19,"0,1,2,3,4",0.0,10.0,0.95,0.0,2025-12-02,2025-12-31,0,0,LOW
WJD0576,Willow Jaime Daniel,3 - Assembly,ProductionLineWorker,Whilemina Pandora England,8,18,"0,1,2,3,4",0.0,10.0,1.0,0.0,2025-12-02,2025-12-31,0,0,LOW
SOF0808,Steel Orson Fields,2 - SoftwareManagement,ComputerProgrammer,Sara Gail George,8,20,"0,1,2,3,4",0.0,95.0,9.0,0.0,2025-12-02,2025-12-31,0,0,LOW
SHW0578,Seth Harlan Walls,3 - Assembly,ProductionLineWorker,Whilemina Pandora England,8,18,"0,1,2,3,4",0.0,10.0,1.0,0.0,2025-12-02,2025-12-31,0,0,LOW
SGG0787,Sara Gail George,2 - SoftwareManagement,Manager,Todd Vance Spears,8,20,"0,1,2,3,4",0.0,143.0,12.85,0.0,2025-12-02,2025-12-31,0,0,LOW
SAB0781,Serina Ariana Butler,3 - FieldService,Technician,Blaine Helen Cervantes,8,16,"0,1,2,3,4",5.15,27.55,2.85,1.05,2025-12-02,2025-12-31,0,0,LOW
JCR0770,Jared Cameron Rosa,3 - FieldService,Technician,Blaine Helen Cervantes,8,16,"0,1,2,3,4",0.0,29.0,3.0,0.0,2025-12-02,2025-12-31,0,0,LOW
MSG0839,Malcolm Sebastian Garrison,3 - Assembly,ProductionLineWorker,Amy Lucy Chen,8,19,"0,1,2,3,4",0.0,10.0,1.0,0.0,2025-12-02,2025-12-31,0,0,LOW
VSS0154,Vernon Samuel Sawyer,2 - Payroll,AdministrativeStaff,Vera Mollie Jenkins,8,18,"0,1,2,3,4",1.9,114.0,11.0,1.8,2025-12-02,2025-12-31,0,0,LOW
NSC0597,Neve Sarah Crane,3 - Assembly,ProductionLineWorker,Whilemina Pandora England,8,18,"0,1,2,3,4",0.0,10.0,1.0,0.0,2025-12-02,2025-12-31,0,0,LOW
LJT0817,Luke Jacob Talley,2 - SoftwareManagement,ComputerScientist,Sara Gail George,8,20,"0,1,2,3,4",5.05,95.0,8.9,2.2,2025-12-02,2025-12-31,0,0,LOW
KJA0152,Kimberley Joy Anderson,2 - Payroll,AdministrativeAssistant,Vera Mollie Jenkins,8,18,"0,1,2,3,4",0.0,114.0,10.7,0.0,2025-12-02,2025-12-31,0,0,LOW
IWM0816,Ira Wyatt Moss,2 - SoftwareManagement,SoftwareEngineer,Sara Gail George,8,20,"0,1,2,3,4",0.0,95.0,8.25,0.0,2025-12-02,2025-12-31,0,0,LOW
HDH0928,Hashim Damon Hebert,1 - Research,Mathematician,Lillith Adena Matthews,8,19,"0,1,2,3,4",4.35,95.0,8.4,2.1,2025-12-02,2025-12-31,0,0,LOW
FUM0015,Fatima Ulla Mcclure,6 - Security,Director,Halla Cathleen Simmons,8,19,"0,1,2,3,4",0.0,190.0,17.4,0.0,2025-12-02,2025-12-31,0,0,LOW
CIM0926,Caldwell Ian Maxwell,1 - Research,Scientist,Lillith Adena Matthews,8,19,"0,1,2,3,4",0.0,95.0,8.8,0.0,2025-12-02,2025-12-31,0,0,LOW
AKH0758,Adam Kendall Harrell,3 - FieldService,Technician,Blaine Helen Cervantes,8,16,"0,1,2,3,4",0.0,29.0,2.95,0.0,2025-12-02,2025-12-31,0,0,LOW
AKC0924,Amena Karyn Christian,1 - Research,Scientist,Lillith Adena Matthews,8,19,"0,1,2,3,4",0.0,95.0,8.9,0.0,2025-12-02,2025-12-31,0,0,LOW
HSG0818,Harrison Samuel Gonzales,2 - SoftwareManagement,ComputerProgrammer,Sara Gail George,8,20,"0,1,2,3,4",0.0,95.0,8.9,0.0,2025-12-02,2025-12-31,0,0,LOW
WGR0833,William Graham Rowe,3 - Assembly,ProductionLineWorker,Amy Lucy Chen,8,19,"0,1,2,3,4",0.0,10.0,0.95,0.0,2025-12-02,2025-12-31,0,0,LOW
FIR0920,Fay Ingrid Rodriquez,1 - Research,Scientist,Lillith Adena Matthews,8,19,"0,1,2,3,4",0.0,95.0,8.75,0.0,2025-12-02,2025-12-31,0,0,LOW
ECR0822,Ella Cassandra Rivera,3 - Assembly,ProductionLineWorker,Amy Lucy Chen,8,19,"0,1,2,3,4",0.0,10.0,1.0,0.0,2025-12-02,2025-12-31,0,0,LOW
AWM0764,Akeem William Mayer,3 - FieldService,Technician,Blaine Helen Cervantes,8,16,"0,1,2,3,4",0.0,29.0,3.0,0.0,2025-12-02,2025-12-31,0,0,LOW
ASM0575,Aurora Sarah Manning,3 - Assembly,ProductionLineWorker,Whilemina Pandora England,8,18,"0,1,2,3,4",0.0,10.0,0.95,0.0,2025-12-02,2025-12-31,0,0,LOW
AJC0840,Anne Jane Carey,3 - Assembly,ProductionLineWorker,Amy Lucy Chen,8,19,"0,1,2,3,4",0.0,10.0,1.0,0.0,2025-12-02,2025-12-31,0,0,LOW
TCD0009,Tasha Casey Dalton,,AdministrativeAssistant,Halla Cathleen Simmons,8,17,"0,1,2,3,4",0.0,114.0,10.65,0.0,2025-12-02,2025-12-31,0,0,LOW
WDV0573,Wang Dean Vasquez,3 - Assembly,ProductionLineWorker,Whilemina Pandora England,7,18,"0,1,2,3,4",0.0,9.0,0.95,0.0,2025-12-02,2025-12-31,0,0,LOW
TRK0914,Teagan Raven Kennedy,1 - Research,Mathematician,Lillith Adena Matthews,8,19,"0,1,2,3,4",0.0,95.0,8.8,0.0,2025-12-02,2025-12-31,0,0,LOW
IYB0918,Illana Yvette Bradshaw,1 - Research,Scientist,Lillith Adena Matthews,8,19,"0,1,2,3,4",0.0,95.0,8.3,0.0,2025-12-02,2025-12-31,0,0,LOW
KLH0596,Kasper Lance Huffman,3 - Assembly,ProductionLineWorker,Whilemina Pandora England,8,18,"0,1,2,3,4",0.0,10.0,0.9,0.0,2025-12-02,2025-12-31,0,0,LOW
KMB0922,Keegan Marvin Benson,1 - Research,Scientist,Lillith Adena Matthews,7,18,"0,1,2,3,4,5",4.190476190476191,85.95238095238095,7.476190476190476,1.0476190476190477,2025-12-02,2025-12-31,0,0,LOW
NKH0807,Nicolas Kadeem Hayden,2 - SoftwareManagement,ComputerProgrammer,Sara Gail George,8,20,"0,1,2,3,4",0.0,95.0,8.75,0.0,2025-12-02,2025-12-31,0,0,LOW
RNF0765,Ria Neve Flores,3 - FieldService,Technician,Blaine Helen Cervantes,8,16,"0,1,2,3,4",0.0,29.0,2.75,0.0,2025-12-02,2025-12-31,0,0,LOW
AHD0848,Aladdin Hu Day,3 - Assembly,ProductionLineWorker,Amy Lucy Chen,8,19,"0,1,2,3,4,5,6",0.8636363636363636,10.0,0.9545454545454546,0.4090909090909091,2025-12-02,2025-12-31,0,0,LOW
RDM0150,Raven Deirdre Morrison,1 - Accounting,Accountant,Cedric Herrod Gilliam,8,16,"0,1,2,3,4",0.0,45.6,4.75,0.0,2025-12-02,2025-12-31,0,0,LOW
LHN0151,Lacota Helen Nash,1 - Accounting,Accountant,Cedric Herrod Gilliam,8,16,"0,1,2,3,4",0.0,48.0,4.9,0.0,2025-12-02,2025-12-31,0,0,LOW
UAD0771,Uriel Axel Diaz,3 - FieldService,Technician,Blaine Helen Cervantes,8,16,"0,1,2,3,4",5.45,29.0,2.75,2.25,2025-12-02,2025-12-31,0,0,LOW
KBC0054,Kyla Blythe Carter,1 - Research,Scientist,Summer Leilani Boyer,8,17,"0,1,2,3,4",0.0,95.0,8.2,0.0,2025-12-02,2025-12-31,0,0,LOW
BHC0665,Blaine Helen Cervantes,3 - FieldService,FieldServiceEngineer,Sharon Britanni Kerr,8,16,"0,1,2,3,4",0.0,95.0,8.35,0.0,2025-12-02,2025-12-31,0,0,LOW
BBH0810,Bruno Beau Hoover,2 - SoftwareManagement,ComputerProgrammer,Sara Gail George,8,20,"0,1,2,3,4",0.0,95.0,8.95,0.0,2025-12-02,2025-12-31,0,0,LOW
JDF0593,Jameson Damian Franco,3 - Assembly,ProductionLineWorker,Whilemina Pandora England,6,16,"0,1,2,3,4,5,6",0.8333333333333334,8.75,0.7916666666666666,7.5,2025-12-02,2025-12-31,0,0,LOW
JRF0835,Jessica Rachel Freeman,3 - Assembly,ProductionLineWorker,Amy Lucy Chen,8,19,"0,1,2,3,4",0.0,10.0,1.0,0.0,2025-12-02,2025-12-31,0,0,LOW
KCB0815,Kaden Chastity Briggs,2 - SoftwareManagement,SoftwareEngineer,Sara Gail George,8,20,"0,1,2,3,4",0.0,95.0,8.65,0.0,2025-12-02,2025-12-31,0,0,LOW
LJB0826,Laith Jason Britt,3 - Assembly,ProductionLineWorker,Amy Lucy Chen,8,19,"0,1,2,3,4",0.0,10.0,1.0,0.0,2025-12-02,2025-12-31,0,0,LOW
RCP0785,Reed Chaim Perkins,3 - FieldService,Technician,Blaine Helen Cervantes,8,16,"0,1,2,3,4",0.0,29.0,2.95,0.0,2025-12-02,2025-12-31,0,0,LOW
ZCF0590,Zane Cadman Fields,3 - Assembly,ProductionLineWorker,Whilemina Pandora England,8,18,"0,1,2,3,4",0.0,10.0,1.0,0.0,2025-12-02,2025-12-31,0,0,LOW
HPR0585,Hillary Piper Riddle,3 - Assembly,ProductionLineWorker,Whilemina Pandora England,8,18,"0,1,2,3,4",0.0,10.0,0.95,0.0,2025-12-02,2025-12-31,0,0,LOW
HGH0595,Hanae Gay Hogan,3 - Assembly,ProductionLineWorker,Whilemina Pandora England,8,18,"0,1,2,3,4",0.0,10.0,0.95,0.0,2025-12-02,2025-12-31,0,0,LOW
SLP0762,Sydnee Leilani Parsons,3 - FieldService,Technician,Blaine Helen Cervantes,8,16,"0,1,2,3,4",0.0,29.0,2.85,0.0,2025-12-02,2025-12-31,0,0,LOW
TYB0779,TaShya Yoko Bailey,3 - FieldService,Technician,Blaine Helen Cervantes,8,16,"0,1,2,3,4",0.0,29.0,3.0,0.0,2025-12-02,2025-12-31,0,0,LOW
ELB0847,Emmanuel Lawrence Briggs,3 - Assembly,ProductionLineWorker,Amy Lucy Chen,8,19,"0,1,2,3,4",0.0,10.0,0.95,0.0,2025-12-02,2025-12-31,0,0,LOW
SAH0599,Sylvia Ariana Head,3 - Assembly,ProductionLineWorker,Whilemina Pandora England,8,18,"0,1,2,3,4",0.0,10.0,0.95,0.0,2025-12-02,2025-12-31,0,0,LOW
MOP0763,Merritt Oliver Phelps,3 - FieldService,Technician,Blaine Helen Cervantes,8,16,"0,1,2,3,4",0.0,29.0,2.85,0.0,2025-12-02,2025-12-31,0,0,LOW
MLL0598,Marcia Lillian Lynn,3 - Assembly,ProductionLineWorker,Whilemina Pandora England,8,18,"0,1,2,3,4",0.85,10.0,1.0,8.15,2025-12-02,2025-12-31,0,0,LOW
MDH0580,Morgan Deborah Hoover,3 - Assembly,ProductionLineWorker,Whilemina Pandora England,8,18,"0,1,2,3,4",1.7,10.0,1.0,1.7,2025-12-02,2025-12-31,0,0,LOW
IEB0153,Irma Eugenia Booker,2 - Payroll,Accountant,Vera Mollie Jenkins,8,18,"0,1,2,3,4,5",0.0,48.0,4.954545454545454,0.0,2025-12-02,2025-12-31,0,0,LOW
GCS0571,Glenna Caryn Sharpe,3 - Assembly,ProductionLineWorker,Whilemina Pandora England,8,18,"0,1,2,3,4",1.85,10.0,0.95,0.6,2025-12-02,2025-12-31,0,0,LOW
VMJ0147,Vera Mollie Jenkins,2 - Payroll,Manager,Thomas Vladimir Stokes,8,18,"0,1,2,3,4",0.0,143.0,13.7,0.0,2025-12-02,2025-12-31,0,0,LOW
NMG0766,Nichole Melodie Gilbert,3 - FieldService,Technician,Blaine Helen Cervantes,8,16,"0,1,2,3,4",0.0,29.0,2.85,0.0,2025-12-02,2025-12-31,0,0,LOW
LAM0911,Lillith Adena Matthews,1 - Research,LabManager,Summer Leilani Boyer,8,19,"0,1,2,3,4",0.0,143.0,13.7,0.0,2025-12-02,2025-12-31,0,0,LOW
RIH0777,Renee Ivana Hayden,3 - FieldService,Technician,Blaine Helen Cervantes,8,16,"0,1,2,3,4",0.0,29.0,3.0,0.0,2025-12-02,2025-12-31,0,0,LOW
DEB0782,Dakota Edward Brady,3 - FieldService,Technician,Blaine Helen Cervantes,8,16,"0,1,2,3,4",0.0,29.0,2.75,0.0,2025-12-02,2025-12-31,0,0,LOW
CMW0783,Castor Mark Wolf,3 - FieldService,Technician,Blaine Helen Cervantes,8,16,"0,1,2,3,4",0.0,29.0,2.85,0.0,2025-12-02,2025-12-31,0,0,LOW
BJH0811,Blaze Jakeem Hahn,2 - SoftwareManagement,ComputerProgrammer,Sara Gail George,8,20,"0,1,2,3,4",0.0,95.0,8.9,0.0,2025-12-02,2025-12-31,0,0,LOW
AQD0820,Akeem Quamar Davenport,2 - SoftwareManagement,SoftwareEngineer,Sara Gail George,8,20,"0,1,2,3,4",0.0,95.0,8.9,0.0,2025-12-02,2025-12-31,0,0,LOW
IHK0841,Ivor Herrod Kaufman,3 - Assembly,ProductionLineWorker,Amy Lucy Chen,8,19,"0,1,2,3,4",0.0,10.0,0.95,0.0,2025-12-02,2025-12-31,0,0,LOW
TSM0927,Tana Sonya Moody,1 - Research,Scientist,Lillith Adena Matthews,8,19,"0,1,2,3,4",0.0,95.0,8.55,0.0,2025-12-02,2025-12-31,0,0,LOW
SOB0586,Slade Orson Burch,3 - Assembly,ProductionLineWorker,Whilemina Pandora England,8,18,"0,1,2,3,4",0.0,10.0,0.95,0.0,2025-12-02,2025-12-31,0,0,LOW
DSM0591,Daria Samantha Mcbride,3 - Assembly,ProductionLineWorker,Whilemina Pandora England,8,18,"0,1,2,3,4",0.0,10.0,1.0,0.0,2025-12-02,2025-12-31,0,0,LOW
FHS0837,Fallon Harriet Shelton,3 - Assembly,ProductionLineWorker,Amy Lucy Chen,8,19,"0,1,2,3,4",0.0,10.0,1.0,0.0,2025-12-02,2025-12-31,0,0,LOW
FRR0832,Forrest Rashad Richards,3 - Assembly,ProductionLineWorker,Amy Lucy Chen,8,19,"0,1,2,3,4",0.0,10.0,0.95,0.0,2025-12-02,2025-12-31,0,0,LOW
PAD0773,Patience Audrey Douglas,3 - FieldService,Technician,Blaine Helen Cervantes,8,16,"0,1,2,3,4",7.8,30.0,2.95,0.45,2025-12-02,2025-12-31,0,0,LOW
SLB0049,Summer Leilani Boyer,1 - Research,Director,Kai Wynne Craft,8,17,"0,1,2,3,4",0.0,190.0,17.15,0.0,2025-12-02,2025-12-31,0,0,LOW
TVS0006,Thomas Vladimir Stokes,,VicePresident,Mona Susan Shannon,8,15,"0,1,2,3,4",0.0,285.0,26.6,0.0,2025-12-02,2025-12-31,0,0,LOW
GRC0145,Gay Ria Cantu,,AdministrativeAssistant,Thomas Vladimir Stokes,8,15,"0,1,2,3,4",0.0,114.0,9.9,0.0,2025-12-02,2025-12-31,0,0,LOW
SBK0161,Sharon Britanni Kerr,3 - FieldService,Director,Hyatt Trevor Hayes,8,18,"0,1,2,3,4",0.0,190.0,16.45,0.0,2025-12-02,2025-12-31,0,0,LOW
JJH0292,Jane Justina Hunt,3 - Assembly,ProductionLineWorker,Shannon Chantale Price,8,17,"0,1,2,3,4",0.0,10.0,1.0,0.0,2025-12-02,2025-12-31,0,0,LOW
WTR0563,William Theodore Reeves,2 - SoftwareManagement,ComputerProgrammer,Stephanie Briar Harrington,8,17,"0,1,2,3,4",0.0,95.0,8.55,0.0,2025-12-02,2025-12-31,0,0,LOW
HSP0290,Hakeem Stephen Peck,3 - Assembly,ProductionLineWorker,Shannon Chantale Price,8,17,"0,1,2,3,4",0.0,10.0,1.0,0.0,2025-12-02,2025-12-31,0,0,LOW
ETR0177,Emerson Tyrone Rojas,3 - FieldService,AdministrativeAssistant,Sharon Britanni Kerr,8,18,"0,1,2,3,4",0.0,114.0,10.5,0.0,2025-12-02,2025-12-31,0,0,LOW
CYA0506,Cecilia Yuri Ashley,3 - FieldService,Technician,Burke Randall Burnett,8,16,"0,1,2,3,4",0.0,29.0,2.85,0.0,2025-12-02,2025-12-31,0,0,LOW
CCW0524,Camilla Claire Whitehead,3 - FieldService,Technician,Burke Randall Burnett,8,16,"0,1,2,3,4",0.0,29.0,2.95,0.0,2025-12-02,2025-12-31,0,0,LOW
ASS0517,Alfreda Sierra Savage,3 - FieldService,Technician,Burke Randall Burnett,8,16,"0,1,2,3,4",0.0,29.0,3.0,0.0,2025-12-02,2025-12-31,0,0,LOW
RNL0695,Reece Nicolas Lopez,2 - SoftwareManagement,ComputerScientist,Aurora Tatiana Payne,8,18,"0,1,2,3,4",0.0,95.0,8.85,0.0,2025-12-02,2025-12-31,0,0,LOW
LQP0508,Lester Quamar Pearson,3 - FieldService,Technician,Burke Randall Burnett,8,16,"0,1,2,3,4",0.0,29.0,2.9,0.0,2025-12-02,2025-12-31,0,0,LOW
FRL0511,Ferdinand Rashad Lee,3 - FieldService,Technician,Burke Randall Burnett,8,16,"0,1,2,3,4",0.0,29.0,2.8,0.0,2025-12-02,2025-12-31,0,0,LOW
EDA0684,EDA0684,,,,7,19,"0,1,2,3,4",0.0,95.0,9.05,0.0,2025-12-02,2025-12-31,0,0,LOW
JNA0559,Justine Nola Adkins,2 - SoftwareManagement,SoftwareEngineer,Stephanie Briar Harrington,8,17,"0,1,2,3,4",0.0,95.0,8.55,0.0,2025-12-02,2025-12-31,0,0,LOW
AMJ0297,Albert Mohammad Joseph,3 - Assembly,ProductionLineWorker,Shannon Chantale Price,8,17,"0,1,2,3,4",0.0,10.0,1.0,0.0,2025-12-02,2025-12-31,0,0,LOW
DJS0682,Dexter Jamal Simon,2 - SoftwareManagement,SoftwareEngineer,Aurora Tatiana Payne,8,18,"0,1,2,3,4",0.0,95.0,8.75,0.0,2025-12-02,2025-12-31,0,0,LOW
CAM0681,Cole Aaron Mcfarland,2 - SoftwareManagement,ComputerScientist,Aurora Tatiana Payne,8,18,"0,1,2,3,4",2.25,100.0,8.75,1.3,2025-12-02,2025-12-31,0,0,LOW
TIW0299,Talon Ian Ware,3 - Assembly,ProductionLineWorker,Shannon Chantale Price,8,17,"0,1,2,3,4",0.0,10.0,0.9,0.0,2025-12-02,2025-12-31,0,0,LOW
PSF0133,Piper Sasha Fuentes,3 - Assembly,ProductionLineWorker,Shannon Chantale Price,8,17,"0,1,2,3,4",1.8,10.0,1.0,2.15,2025-12-02,2025-12-31,0,0,LOW
JFC0557,Jade Felicia Caldwell,2 - SoftwareManagement,SoftwareEngineer,Stephanie Briar Harrington,8,17,"0,1,2,3,4",7.75,95.0,8.85,4.1,2025-12-02,2025-12-31,0,0,LOW
IUB0565,Isaiah Upton Buchanan,2 - SoftwareManagement,SoftwareEngineer,Stephanie Briar Harrington,8,17,"0,1,2,3,4",1.5,95.0,8.5,1.55,2025-12-02,2025-12-31,0,0,LOW
BVN0514,Buffy Vivien Nichols,3 - FieldService,Technician,Burke Randall Burnett,8,16,"0,1,2,3,4",0.0,29.0,2.85,0.0,2025-12-02,2025-12-31,0,0,LOW
NRF0137,Noel Reagan Foster,3 - Assembly,ProductionLineWorker,Shannon Chantale Price,8,18,"0,1,2,3,4",0.0,10.0,0.9,0.0,2025-12-02,2025-12-31,0,0,LOW
DOP0562,Daryl Ocean Patel,2 - SoftwareManagement,ComputerProgrammer,Stephanie Briar Harrington,8,17,"0,1,2,3,4",0.0,95.0,8.9,0.0,2025-12-02,2025-12-31,0,0,LOW
LJR0523,Lavinia Justine Richmond,3 - FieldService,Technician,Burke Randall Burnett,8,16,"0,1,2,3,4",0.0,29.0,2.95,0.0,2025-12-02,2025-12-31,0,0,LOW
FEB0306,Flynn Edward Brennan,3 - Assembly,ProductionLineWorker,Shannon Chantale Price,8,17,"0,1,2,3,4",3.2,10.0,1.0,0.85,2025-12-02,2025-12-31,0,0,LOW
KJJ0293,Kirk Jakeem Joyce,3 - Assembly,ProductionLineWorker,Shannon Chantale Price,8,17,"0,1,2,3,4",1.15,10.0,0.85,0.7,2025-12-02,2025-12-31,0,0,LOW
PNL0301,Philip Nathan Logan,3 - Assembly,ProductionLineWorker,Shannon Chantale Price,8,17,"0,1,2,3,4",1.6,10.0,1.0,2.45,2025-12-02,2025-12-31,0,0,LOW
CCM0136,Cailin Casey Mckee,3 - Assembly,ProductionLineWorker,Shannon Chantale Price,8,17,"0,1,2,3,4",0.7,9.0,1.0,0.4,2025-12-02,2025-12-31,0,0,LOW
CEL0561,Calvin Edan Love,2 - SoftwareManagement,ComputerProgrammer,Stephanie Briar Harrington,8,17,"0,1,2,3,4",0.0,95.0,8.55,0.0,2025-12-02,2025-12-31,0,0,LOW
ESH0135,Elaine Sonya Hughes,3 - Assembly,ProductionLineWorker,Shannon Chantale Price,8,17,"0,1,2,3,4",0.0,10.0,0.95,0.0,2025-12-02,2025-12-31,0,0,LOW
EMB0531,Edan Marsden Briggs,3 - FieldService,Technician,Burke Randall Burnett,8,16,"0,1,2,3,4",0.0,29.0,3.0,0.0,2025-12-02,2025-12-31,0,0,LOW
YJF0532,Yoshio Joseph Farmer,3 - FieldService,Technician,Burke Randall Burnett,8,16,"0,1,2,3,4",0.0,29.0,2.85,0.0,2025-12-02,2025-12-31,0,0,LOW
IJM0139,Irene Jemima Meyers,3 - Assembly,ProductionLineWorker,Shannon Chantale Price,8,17,"0,1,2,3,4",0.0,10.0,1.0,0.0,2025-12-02,2025-12-31,0,0,LOW
ASG0692,Anastasia Sage Griffith,2 - SoftwareManagement,ComputerScientist,Aurora Tatiana Payne,8,18,"0,1,2,3,4",0.0,95.0,8.45,0.0,2025-12-02,2025-12-31,0,0,LOW
ATP0662,Aurora Tatiana Payne,2 - SoftwareManagement,Manager,Todd Vance Spears,7,17,"0,1,2,3,4,5,6",2.96,125.84,12.32,0.92,2025-12-02,2025-12-31,0,0,LOW
ICH0294,Idola Carly Haley,3 - Assembly,ProductionLineWorker,Shannon Chantale Price,8,17,"0,1,2,3,4",7.15,10.0,1.0,1.65,2025-12-02,2025-12-31,0,0,LOW
BMT0528,Brittany Mona Terry,3 - FieldService,Technician,Burke Randall Burnett,8,16,"0,1,2,3,4",5.2,29.0,3.0,1.95,2025-12-02,2025-12-31,0,0,LOW
ARD0509,Abdul Ralph Deleon,3 - FieldService,Technician,Burke Randall Burnett,8,16,"0,1,2,3,4",0.0,30.0,2.65,0.0,2025-12-02,2025-12-31,0,0,LOW
KKC0683,Kessie Kay Cooper,2 - SoftwareManagement,SoftwareEngineer,Aurora Tatiana Payne,8,18,"0,1,2,3,4",0.0,95.0,8.75,0.0,2025-12-02,2025-12-31,0,0,LOW
KSH0569,Kameko Signe Harrison,2 - SoftwareManagement,SoftwareEngineer,Stephanie Briar Harrington,8,17,"0,1,2,3,4",0.0,95.0,8.4,0.0,2025-12-02,2025-12-31,0,0,LOW
NGO0690,Nigel Gareth Ochoa,2 - SoftwareManagement,SoftwareEngineer,Aurora Tatiana Payne,8,18,"0,1,2,3,4",0.0,95.0,8.7,0.0,2025-12-02,2025-12-31,0,0,LOW
OLW0689,Owen Len Wheeler,2 - SoftwareManagement,SoftwareEngineer,Aurora Tatiana Payne,8,18,"0,1,2,3,4",4.3,95.0,8.9,2.15,2025-12-02,2025-12-31,0,0,LOW
ZSL0305,Zena Sigourney Langley,3 - Assembly,ProductionLineWorker,Shannon Chantale Price,8,17,"0,1,2,3,4",0.0,9.5,0.95,0.0,2025-12-02,2025-12-31,0,0,LOW
GJD0298,Grady Jordan Duran,3 - Assembly,ProductionLineWorker,Shannon Chantale Price,8,17,"0,1,2,3,4",0.0,10.0,1.0,0.0,2025-12-02,2025-12-31,0,0,LOW
QJR0688,Quyn Jolie Rosario,2 - SoftwareManagement,ComputerProgrammer,Aurora Tatiana Payne,8,18,"0,1,2,3,4,5,6",1.7272727272727273,95.0,9.681818181818182,1.0,2025-12-02,2025-12-31,0,0,LOW
MVB0515,Mallory Virginia Bender,3 - FieldService,Technician,Burke Randall Burnett,8,16,"0,1,2,3,4",6.45,27.0,2.9,1.45,2025-12-02,2025-12-31,0,0,LOW
GHH0288,Genevieve Hyacinth Head,3 - Assembly,ProductionLineWorker,Shannon Chantale Price,8,17,"0,1,2,3,4",4.45,10.0,0.95,2.15,2025-12-02,2025-12-31,0,0,LOW
EGD0132,Eric Gray Duncan,3 - Assembly,ProductionLineWorker,Shannon Chantale Price,8,17,"0,1,2,3,4",1.85,10.0,1.0,1.75,2025-12-02,2025-12-31,0,0,LOW
WLV0566,Whilemina Liberty Velez,2 - SoftwareManagement,SoftwareEngineer,Stephanie Briar Harrington,8,17,"0,1,2,3,4",0.0,95.0,8.25,0.0,2025-12-02,2025-12-31,0,0,LOW
CLS0296,Chiquita Linda Stokes,3 - Assembly,ProductionLineWorker,Shannon Chantale Price,8,17,"0,1,2,3,4",0.0,10.0,1.0,0.0,2025-12-02,2025-12-31,0,0,LOW
CCH0685,Cora Clementine Higgins,2 - SoftwareManagement,ComputerScientist,Aurora Tatiana Payne,8,18,"0,1,2,3,4",0.0,95.0,8.8,0.0,2025-12-02,2025-12-31,0,0,LOW
CJM0138,Colorado Joel Merrill,3 - Assembly,ProductionLineWorker,Shannon Chantale Price,8,17,"0,1,2,3,4",0.0,10.0,1.0,0.0,2025-12-02,2025-12-31,0,0,LOW
BJP0134,Beck John Peters,3 - Assembly,ProductionLineWorker,Shannon Chantale Price,8,17,"0,1,2,3,4",22.65,10.0,1.0,8.8,2025-12-02,2025-12-31,0,0,LOW
FMG0527,Flynn Malcolm Gibson,3 - FieldService,Technician,Burke Randall Burnett,8,16,"0,1,2,3,4",0.0,29.0,2.95,0.0,2025-12-02,2025-12-31,0,0,LOW
SAC0687,Samantha Audrey Curtis,2 - SoftwareManagement,ComputerScientist,Aurora Tatiana Payne,8,19,"0,1,2,3,4",0.0,95.0,8.25,0.0,2025-12-02,2025-12-31,0,0,LOW
SBH0537,Stephanie Briar Harrington,2 - SoftwareManagement,Manager,Todd Vance Spears,8,17,"0,1,2,3,4,5,6",2.0,143.0,12.304347826086955,0.4782608695652174,2025-12-02,2025-12-31,0,0,LOW
IMP0530,Irma Melanie Patrick,3 - FieldService,Technician,Burke Randall Burnett,8,16,"0,1,2,3,4",0.0,29.0,2.85,0.0,2025-12-02,2025-12-31,0,0,LOW
GCS0518,Gregory Curran Sutton,3 - FieldService,Technician,Burke Randall Burnett,8,16,"0,1,2,3,4",0.0,29.0,2.95,0.0,2025-12-02,2025-12-31,0,0,LOW
TAC0300,Timothy Arthur Carroll,3 - Assembly,ProductionLineWorker,Shannon Chantale Price,8,17,"0,1,2,3,4",0.0,10.0,1.0,0.0,2025-12-02,2025-12-31,0,0,LOW
PMJ0564,Paula Madaline Jackson,2 - SoftwareManagement,ComputerScientist,Stephanie Briar Harrington,7,17,"0,1,2,3,4",0.0,95.0,8.6,0.0,2025-12-02,2025-12-31,0,0,LOW
AAF0535,Athena Amelia Foreman,3 - FieldService,Technician,Burke Randall Burnett,8,16,"0,1,2,3,4",1.4,29.0,2.9,1.95,2025-12-02,2025-12-31,0,0,LOW
JNJ0556,Jaden Nicole Johnston,2 - SoftwareManagement,ComputerScientist,Stephanie Briar Harrington,8,17,"0,1,2,3,4",24.15,95.0,8.6,8.65,2025-12-02,2025-12-31,0,0,LOW
WGS0516,Willa Giselle Stanton,3 - FieldService,Technician,Burke Randall Burnett,8,16,"0,1,2,3,4",0.0,29.0,2.85,0.0,2025-12-02,2025-12-31,0,0,LOW
TJB0302,Teegan Jillian Burris,3 - Assembly,ProductionLineWorker,Shannon Chantale Price,8,17,"0,1,2,3,4",0.0,10.0,0.9,0.0,2025-12-02,2025-12-31,0,0,LOW
ALD0529,Alma Leila Duncan,3 - FieldService,Technician,Burke Randall Burnett,8,16,"0,1,2,3,4",0.0,29.0,2.95,0.0,2025-12-02,2025-12-31,0,0,LOW
ESR0693,Evelyn Sarah Reilly,2 - SoftwareManagement,ComputerScientist,Aurora Tatiana Payne,8,18,"0,1,2,3,4",3.55,95.0,8.9,1.1,2025-12-02,2025-12-31,0,0,LOW
ILR0304,Ivory Leandra Rogers,3 - Assembly,ProductionLineWorker,Shannon Chantale Price,8,17,"0,1,2,3,4",0.0,10.0,0.85,0.0,2025-12-02,2025-12-31,0,0,LOW
SGB0140,Scott Gary Burks,3 - Assembly,ProductionLineWorker,Shannon Chantale Price,8,17,"0,1,2,3,4",0.0,10.0,1.0,0.0,2025-12-02,2025-12-31,0,0,LOW
PIS0522,Paula Isabelle Santiago,3 - FieldService,Technician,Burke Randall Burnett,8,16,"0,1,2,3,4",0.0,29.0,2.9,0.0,2025-12-02,2025-12-31,0,0,LOW
NCK0295,Noble Clinton Klein,3 - Assembly,ProductionLineWorker,Shannon Chantale Price,8,17,"0,1,2,3,4",0.0,10.0,0.95,0.0,2025-12-02,2025-12-31,0,0,LOW
MJM0510,Macon Joseph Morrison,3 - FieldService,Technician,Burke Randall Burnett,8,16,"0,1,2,3,4",0.0,29.0,2.9,0.0,2025-12-02,2025-12-31,0,0,LOW
ILJ0526,Idola Lana Jarvis,3 - FieldService,Technician,Burke Randall Burnett,8,17,"0,1,2,3,4,6",3.761904761904762,29.0,2.9047619047619047,1.0952380952380951,2025-12-02,2025-12-31,0,0,LOW
JKM0303,Joel Kennan Mccarty,3 - Assembly,ProductionLineWorker,Shannon Chantale Price,8,17,"0,1,2,3,4",0.0,10.0,0.95,0.0,2025-12-02,2025-12-31,0,0,LOW
JCR0289,Jena Chanda Rollins,3 - Assembly,ProductionLineWorker,Shannon Chantale Price,8,17,"0,1,2,3,4",0.0,10.0,0.95,0.0,2025-12-02,2025-12-31,0,0,LOW
DAG0558,Deirdre Amaya Garcia,2 - SoftwareManagement,ComputerProgrammer,Stephanie Briar Harrington,8,17,"0,1,2,3,4",0.0,95.0,8.35,0.0,2025-12-02,2025-12-31,0,0,LOW
CAS0507,Carla Amelia Shannon,3 - FieldService,Technician,Burke Randall Burnett,8,16,"0,1,2,3,4",15.4,29.0,3.0,0.95,2025-12-02,2025-12-31,0,0,LOW
WIF0691,Wade Ira Frazier,2 - SoftwareManagement,ComputerScientist,Aurora Tatiana Payne,8,18,"0,1,2,3,4",24.45,100.0,8.35,8.0,2025-12-02,2025-12-31,0,0,LOW
NLO0131,Nevada Leilani Ortega,3 - Assembly,ProductionLineWorker,Shannon Chantale Price,8,17,"0,1,2,3,4",0.0,10.0,0.95,0.0,2025-12-02,2025-12-31,0,0,LOW
JMD0520,Jane Maite Dotson,3 - FieldService,Technician,Burke Randall Burnett,8,16,"0,1,2,3,4",4.95,29.0,2.85,1.95,2025-12-02,2025-12-31,0,0,LOW
RRP0568,Rhonda Rhona Parsons,2 - SoftwareManagement,ComputerScientist,Stephanie Briar Harrington,8,18,"0,1,2,3,4",4.1,95.0,8.9,1.0,2025-12-02,2025-12-31,0,0,LOW
SCB0534,Sophia Cora Battle,3 - FieldService,Technician,Burke Randall Burnett,8,16,"0,1,2,3,4",0.0,29.0,2.95,0.0,2025-12-02,2025-12-31,0,0,LOW
UCH0519,Ulric Colt Holt,3 - FieldService,Technician,Burke Randall Burnett,8,16,"0,1,2,3,4",0.0,29.0,2.9,0.0,2025-12-02,2025-12-31,0,0,LOW
APG0307,Aaron Porter Gutierrez,3 - Assembly,ProductionLineWorker,Shannon Chantale Price,8,17,"0,1,2,3,4",0.0,10.0,1.0,0.0,2025-12-02,2025-12-31,0,0,LOW
COF0120,Clio Ocean Faulkner,1 - IndustrialEngineering,AdministrativeAssistant,Grant Tyrone Doyle,8,21,"0,1,2,3,4",0.0,114.0,9.8,0.0,2025-12-02,2025-12-31,0,0,LOW
GAF0570,Gwendolyn Amaya Ferrell,2 - SoftwareManagement,SoftwareEngineer,Stephanie Briar Harrington,8,17,"0,1,2,3,4",0.0,100.0,8.7,0.0,2025-12-02,2025-12-31,0,0,LOW
OYM0026,Orla Yolanda Middleton,4 - Safety,HealthSafetyEngineer,Wesley Kasper Duffy,9,18,"0,1,2,3,4",0.0,95.0,8.75,0.0,2025-12-02,2025-12-31,0,0,LOW
SCP0130,Shannon Chantale Price,3 - Assembly,AssemblySupervisor,Delilah Iliana Wilkinson,8,17,"0,1,2,3,4",3.8,29.0,2.95,2.3,2025-12-02,2025-12-31,0,0,LOW
SLT0907,Shelby Lila Turner,3 - FieldService,Technician,Blythe Veda Cooke,9,18,"0,1,2,3,4",0.0,29.0,2.8,0.0,2025-12-02,2025-12-31,0,0,LOW
AHG0634,Amir Hayden Gray,3 - FieldService,Technician,Hedwig Regina Livingston,9,21,"0,1,2,3,4",0.0,30.0,2.95,0.0,2025-12-02,2025-12-31,0,0,LOW
MIB0904,Margaret Illana Burch,3 - FieldService,Technician,Blythe Veda Cooke,9,18,"0,1,2,3,4",0.0,29.0,2.95,0.0,2025-12-02,2025-12-31,0,0,LOW
RHL0992,Rachel Hermione Le,1 - IndustrialEngineering,IndustrialEngineer,Grant Tyrone Doyle,9,21,"0,1,2,3,4",2.0,95.0,8.9,2.05,2025-12-02,2025-12-31,0,0,LOW
MFV0897,Meredith Florence Valdez,3 - FieldService,Technician,Blythe Veda Cooke,9,18,"0,1,2,3,4",0.0,29.0,3.0,0.0,2025-12-02,2025-12-31,0,0,LOW
KJG0910,Kermit Jonas Gould,3 - FieldService,Technician,Blythe Veda Cooke,9,18,"0,1,2,3,4",0.0,29.0,2.85,0.0,2025-12-02,2025-12-31,0,0,LOW
HMM0108,HMM0108,,,,9,18,"0,1,2,3,4",6.25,95.0,9.7,1.7,2025-12-02,2025-12-31,0,0,LOW
ZSB0649,Zia Shelley Blankenship,3 - FieldService,Technician,Hedwig Regina Livingston,9,21,"0,1,2,3,4",0.0,29.0,3.0,0.0,2025-12-02,2025-12-31,0,0,LOW
HRL0540,Hedwig Regina Livingston,3 - FieldService,FieldServiceEngineer,Sharon Britanni Kerr,9,21,"0,1,2,3,4",4.6,100.0,8.8,8.7,2025-12-02,2025-12-31,0,0,LOW
KCO0122,Kermit Coby Oliver,1 - IndustrialEngineering,IndustrialEngineer,Grant Tyrone Doyle,8,21,"0,1,2,3,4",4.4,95.0,8.4,2.2,2025-12-02,2025-12-31,0,0,LOW
OSH0655,Olympia Shafira Harrison,3 - FieldService,Technician,Hedwig Regina Livingston,9,21,"0,1,2,3,4",0.0,29.0,2.95,0.0,2025-12-02,2025-12-31,0,0,LOW
UBF0645,Ursa Britanney Frederick,3 - FieldService,Technician,Hedwig Regina Livingston,9,21,"0,1,2,3,4",0.0,29.0,2.95,0.0,2025-12-02,2025-12-31,0,0,LOW
DID0650,Denise Ifeoma Doyle,3 - FieldService,Technician,Hedwig Regina Livingston,9,21,"0,1,2,3,4",0.0,29.0,3.0,0.0,2025-12-02,2025-12-31,0,0,LOW
ESH0283,Eve Shaeleigh Holman,3 - Engineering,MechanicalEngineer,Rose Hanae Yates,9,18,"0,1,2,3,4",5.95,95.0,8.9,0.45,2025-12-02,2025-12-31,0,0,LOW
HOB0994,Harrison Oscar Burke,1 - IndustrialEngineering,IndustrialEngineer,Grant Tyrone Doyle,9,21,"0,1,2,3,4",0.0,95.0,8.9,0.0,2025-12-02,2025-12-31,0,0,LOW
KNW0644,Keiko Naida Webb,3 - FieldService,Technician,Hedwig Regina Livingston,9,21,"0,1,2,3,4",0.0,29.0,2.85,0.0,2025-12-02,2025-12-31,0,0,LOW
OKC0107,Octavius Kelly Castaneda,3 - Engineering,TestEngineer,Rose Hanae Yates,9,18,"0,1,2,3,4",0.0,95.0,8.9,0.0,2025-12-02,2025-12-31,0,0,LOW
WKD0013,Wesley Kasper Duffy,4 - Safety,Director,Halla Cathleen Simmons,8,18,"0,1,2,3,4",0.0,190.0,16.75,0.0,2025-12-02,2025-12-31,0,0,LOW
HWH0646,Hadley Willa Hill,3 - FieldService,Technician,Hedwig Regina Livingston,9,21,"0,1,2,3,4",0.0,29.0,2.9,0.0,2025-12-02,2025-12-31,0,0,LOW
HTF0641,Hilel Tobias Flynn,3 - FieldService,Technician,Hedwig Regina Livingston,9,21,"0,1,2,3,4",0.0,29.0,2.95,0.0,2025-12-02,2025-12-31,0,0,LOW
HGN0287,Halla Germaine Nolan,3 - Engineering,MechanicalEngineer,Rose Hanae Yates,9,18,"0,1,2,3,4",0.0,90.0,9.75,0.0,2025-12-02,2025-12-31,0,0,LOW
EGK0893,Eagan Gannon Koch,3 - FieldService,Technician,Blythe Veda Cooke,9,18,"0,1,2,3,4",0.0,29.0,2.75,0.0,2025-12-02,2025-12-31,0,0,LOW
EFS0882,Edward Finn Stokes,3 - FieldService,Technician,Blythe Veda Cooke,9,18,"0,1,2,3,4",0.0,29.0,2.9,0.0,2025-12-02,2025-12-31,0,0,LOW
CJV0286,Colorado John Valentine,3 - Engineering,Technician,Rose Hanae Yates,9,18,"0,1,2,3,4",0.0,29.0,2.6,0.0,2025-12-02,2025-12-31,0,0,LOW
JMW0638,Jonah Merritt Wilder,3 - FieldService,Technician,Hedwig Regina Livingston,9,21,"0,1,2,3,4",0.0,29.0,2.95,0.0,2025-12-02,2025-12-31,0,0,LOW
BCM0653,Bevis Christopher Mcknight,3 - FieldService,Technician,Hedwig Regina Livingston,9,21,"0,1,2,3,4",0.0,29.0,2.9,0.0,2025-12-02,2025-12-31,0,0,LOW
AGB0643,Armand Gabriel Brewer,3 - FieldService,Technician,Hedwig Regina Livingston,9,21,"0,1,2,3,4",0.0,29.0,2.95,0.0,2025-12-02,2025-12-31,0,0,LOW
MJS0890,Mira Jamalia Snow,3 - FieldService,Technician,Blythe Veda Cooke,9,18,"0,1,2,3,4",0.0,29.0,2.95,0.0,2025-12-02,2025-12-31,0,0,LOW
CLD0894,Cheyenne Lesley Dominguez,3 - FieldService,Technician,Blythe Veda Cooke,9,18,"0,1,2,3,4",0.0,29.0,2.9,0.0,2025-12-02,2025-12-31,0,0,LOW
CRO0027,Cathleen Risa Oneal,4 - Safety,HealthSafetyEngineer,Wesley Kasper Duffy,9,18,"0,1,2,3,4",0.0,100.0,8.5,0.0,2025-12-02,2025-12-31,0,0,LOW
EMW0105,Erich Malik Wolf,3 - Engineering,AdministrativeAssistant,Rose Hanae Yates,9,18,"0,1,2,3,4",0.0,114.0,10.8,0.0,2025-12-02,2025-12-31,0,0,LOW
FFC0891,Flavia Fiona Cannon,3 - FieldService,Technician,Blythe Veda Cooke,8,18,"0,1,2,3,4",5.0,29.0,2.75,2.15,2025-12-02,2025-12-31,0,0,LOW
GTD0116,Grant Tyrone Doyle,1 - IndustrialEngineering,Manager,Byron Tyrone Williamson,9,21,"0,1,2,3,4",0.0,143.0,13.75,0.0,2025-12-02,2025-12-31,0,0,LOW
JML0909,Jenette McKenzie Lynn,3 - FieldService,Technician,Blythe Veda Cooke,9,18,"0,1,2,3,4",0.0,29.0,2.9,0.0,2025-12-02,2025-12-31,0,0,LOW
TSG0906,Thomas Shad Guthrie,3 - FieldService,Technician,Blythe Veda Cooke,9,18,"0,1,2,3,4",0.0,29.0,2.95,0.0,2025-12-02,2025-12-31,0,0,LOW
WNB0908,Wing Noah Bonner,3 - FieldService,Technician,Blythe Veda Cooke,9,18,"0,1,2,3,4",0.0,29.0,2.7,0.0,2025-12-02,2025-12-31,0,0,LOW
YWW0660,Yasir Wade Wilcox,3 - FieldService,Technician,Hedwig Regina Livingston,9,21,"0,1,2,3,4",0.0,29.0,3.0,0.0,2025-12-02,2025-12-31,0,0,LOW
GQF0659,Gisela Quintessa Fischer,3 - FieldService,Technician,Hedwig Regina Livingston,9,21,"0,1,2,3,4",0.0,29.0,2.85,0.0,2025-12-02,2025-12-31,0,0,LOW
CGB0637,Claudia Galena Baldwin,3 - FieldService,Technician,Hedwig Regina Livingston,9,21,"0,1,2,3,4",6.55,29.0,2.85,3.15,2025-12-02,2025-12-31,0,0,LOW
ESA0642,Eliana Stephanie Albert,3 - FieldService,Technician,Hedwig Regina Livingston,9,21,"0,1,2,3,4",0.0,29.0,2.9,0.0,2025-12-02,2025-12-31,0,0,LOW
CEJ0109,Casey Edward Joyce,3 - Engineering,TestEngineer,Rose Hanae Yates,9,18,"0,1,2,3,4",2.25,95.0,8.55,1.8,2025-12-02,2025-12-31,0,0,LOW
CAC0889,CAC0889,,,,9,18,"0,1,2,3,4",0.0,29.0,2.85,0.0,2025-12-02,2025-12-31,0,0,LOW
BJM0111,Bell Jorden Martinez,3 - Engineering,Technician,Rose Hanae Yates,7,17,"0,1,2,3,4,5,6",21.363636363636363,27.681818181818183,2.863636363636364,7.318181818181818,2025-12-02,2025-12-31,0,0,LOW
AOS0987,Alice Orli Stout,4 - Safety,HealthSafetyEngineer,Wesley Kasper Duffy,9,18,"0,1,2,3,4",0.0,90.0,8.55,0.0,2025-12-02,2025-12-31,0,0,LOW
JZD0888,Jane Zia Day,3 - FieldService,Technician,Blythe Veda Cooke,9,18,"0,1,2,3,4",0.0,29.0,2.8,0.0,2025-12-02,2025-12-31,0,0,LOW
CNB0900,Colton Nathan Barber,3 - FieldService,Technician,Blythe Veda Cooke,9,18,"0,1,2,3,4",0.0,29.0,3.0,0.0,2025-12-02,2025-12-31,0,0,LOW
NAB0903,Noah Andrew Beck,3 - FieldService,Technician,Blythe Veda Cooke,9,18,"0,1,2,3,4",0.0,29.0,2.75,0.0,2025-12-02,2025-12-31,0,0,LOW
BMM0112,Barry Martin Mason,3 - Engineering,Technician,Rose Hanae Yates,9,18,"0,1,2,3,4",0.0,29.0,2.95,0.0,2025-12-02,2025-12-31,0,0,LOW
XHG0902,Xenos Hayden Gallegos,3 - FieldService,Technician,Blythe Veda Cooke,9,18,"0,1,2,3,4",0.0,29.0,2.9,0.0,2025-12-02,2025-12-31,0,0,LOW
HCL0113,Hyacinth Clare Lindsay,3 - Engineering,TestEngineer,Rose Hanae Yates,9,18,"0,1,2,3,4",0.0,95.0,8.75,0.0,2025-12-02,2025-12-31,0,0,LOW
BLB0114,Brent Laith Beck,3 - Engineering,MechanicalEngineer,Rose Hanae Yates,9,18,"0,1,2,3,4",0.0,90.0,8.0,0.0,2025-12-02,2025-12-31,0,0,LOW
DIB0285,Deanna Imelda Blanchard,3 - Engineering,ElectricalEngineer,Rose Hanae Yates,9,18,"0,1,2,3,4",1.8,95.0,8.45,2.5,2025-12-02,2025-12-31,0,0,LOW
KJM0887,Kibo Josiah Murray,3 - FieldService,Technician,Blythe Veda Cooke,9,18,"0,1,2,3,4",0.0,29.0,2.9,0.0,2025-12-02,2025-12-31,0,0,LOW
MTT0901,MTT0901,,,,9,18,"0,1,2,3,4",7.2,29.0,2.85,3.5,2025-12-02,2025-12-31,0,0,LOW
TUC0632,Troy Uriah Conway,3 - FieldService,Technician,Hedwig Regina Livingston,9,21,"0,1,2,3,4",0.0,29.0,2.95,0.0,2025-12-02,2025-12-31,0,0,LOW
ZMC0284,Zachary Myles Cardenas,3 - Engineering,MechanicalEngineer,Rose Hanae Yates,9,18,"0,1,2,3,4",0.0,95.0,8.5,0.0,2025-12-02,2025-12-31,0,0,LOW
PKB0281,Preston Kennan Burns,3 - Engineering,ElectricalEngineer,Rose Hanae Yates,9,18,"0,1,2,3,4",0.0,95.0,8.7,0.0,2025-12-02,2025-12-31,0,0,LOW
SED0886,Shelley Eleanor Dawson,3 - FieldService,Technician,Blythe Veda Cooke,8,18,"0,1,2,3,4",0.0,29.0,2.8,0.0,2025-12-02,2025-12-31,0,0,LOW
VLB0647,Valentine Lucian Benjamin,3 - FieldService,Technician,Hedwig Regina Livingston,9,21,"0,1,2,3,4",0.0,29.0,3.0,0.0,2025-12-02,2025-12-31,0,0,LOW
XRS0633,Xenos Rudyard Small,3 - FieldService,Technician,Hedwig Regina Livingston,9,21,"0,1,2,3,4",0.0,29.0,2.95,0.0,2025-12-02,2025-12-31,0,0,LOW
BRM0995,Brianna Rebecca Mcintyre,1 - IndustrialEngineering,IndustrialEngineer,Grant Tyrone Doyle,9,21,"0,1,2,3,4",1.4,100.0,8.95,8.6,2025-12-02,2025-12-31,0,0,LOW
LUR0896,Leonard Uriel Ramos,3 - FieldService,Technician,Blythe Veda Cooke,8,18,"0,1,2,3,4",0.0,27.0,2.9,0.0,2025-12-02,2025-12-31,0,0,LOW
LJJ0905,Lionel Jasper Johnston,3 - FieldService,Technician,Blythe Veda Cooke,9,18,"0,1,2,3,4",0.0,29.0,2.9,0.0,2025-12-02,2025-12-31,0,0,LOW
ARB0881,Abel Reese Boone,3 - FieldService,Technician,Blythe Veda Cooke,9,18,"0,1,2,3,4",0.0,29.0,2.8,0.0,2025-12-02,2025-12-31,0,0,LOW
LAF0991,Lucas Ahmed Ferrell,1 - IndustrialEngineering,IndustrialEngineer,Grant Tyrone Doyle,9,21,"0,1,2,3,4",0.0,95.0,8.95,0.0,2025-12-02,2025-12-31,0,0,LOW
HRD0635,Hadley Rhona Dillon,3 - FieldService,Technician,Hedwig Regina Livingston,8,21,"0,1,2,3,4",0.0,29.0,2.95,0.0,2025-12-02,2025-12-31,0,0,LOW
HCL0651,Heather Cynthia Leonard,3 - FieldService,Technician,Hedwig Regina Livingston,9,21,"0,1,2,3,4",2.15,29.0,2.85,2.0,2025-12-02,2025-12-31,0,0,LOW
HAC0282,Hakeem Arden Curry,3 - Engineering,ElectricalEngineer,Rose Hanae Yates,9,18,"0,1,2,3,4",0.0,95.0,8.75,0.0,2025-12-02,2025-12-31,0,0,LOW
EZT0640,Eagan Zephania Talley,3 - FieldService,Technician,Hedwig Regina Livingston,9,21,"0,1,2,3,4",0.0,29.0,3.0,0.0,2025-12-02,2025-12-31,0,0,LOW
EJW0884,Elton Jonas Williamson,3 - FieldService,Technician,Blythe Veda Cooke,9,18,"0,1,2,3,4",0.0,29.0,3.0,0.0,2025-12-02,2025-12-31,0,0,LOW
SDB0106,Stewart Dale Berger,3 - Engineering,MechanicalEngineer,Rose Hanae Yates,9,18,"0,1,2,3,4",0.0,95.0,8.75,0.0,2025-12-02,2025-12-31,0,0,LOW
ZKS0899,Zenia Kiona Stevenson,3 - FieldService,Technician,Blythe Veda Cooke,9,18,"0,1,2,3,4",23.75,29.0,2.95,8.8,2025-12-02,2025-12-31,0,0,LOW
QCH0110,Quinn Coby Hays,3 - Engineering,Technician,Rose Hanae Yates,9,18,"0,1,2,3,4",0.0,29.0,2.85,0.0,2025-12-02,2025-12-31,0,0,LOW
KLM0639,Katelyn Lani Murray,3 - FieldService,Technician,Hedwig Regina Livingston,9,21,"0,1,2,3,4",0.0,29.0,2.95,0.0,2025-12-02,2025-12-31,0,0,LOW
DKB0631,Dai Keely Bullock,3 - FieldService,Technician,Hedwig Regina Livingston,9,21,"0,1,2,3,4",0.0,29.0,3.0,0.0,2025-12-02,2025-12-31,0,0,LOW
GTD0898,Guy Tad Daniel,3 - FieldService,Technician,Blythe Veda Cooke,9,18,"0,1,2,3,4",0.0,29.0,2.85,0.0,2025-12-02,2025-12-31,0,0,LOW
HAV0121,Hu Akeem Vincent,1 - IndustrialEngineering,IndustrialEngineer,Grant Tyrone Doyle,9,21,"0,1,2,3,4",0.0,95.0,8.8,0.0,2025-12-02,2025-12-31,0,0,LOW
SXM0895,Sigourney Xandra Maddox,3 - FieldService,Technician,Blythe Veda Cooke,9,18,"0,1,2,3,4",0.0,29.0,3.0,0.0,2025-12-02,2025-12-31,0,0,LOW
TLK0993,Tallulah Liberty Kirby,1 - IndustrialEngineering,IndustrialEngineer,Grant Tyrone Doyle,9,21,"0,1,2,3,4",0.0,95.0,8.65,0.0,2025-12-02,2025-12-31,0,0,LOW
SSR0278,Simone Scarlet Rose,3 - Engineering,TestEngineer,Rose Hanae Yates,9,18,"0,1,2,3,4",0.0,95.0,8.6,0.0,2025-12-02,2025-12-31,0,0,LOW
AAM0658,Abel Adam Morton,3 - FieldService,Technician,Hedwig Regina Livingston,9,21,"0,1,2,3,4",0.0,29.0,2.95,0.0,2025-12-02,2025-12-31,0,0,LOW
KMS0657,Kay Maxine Skinner,3 - FieldService,Technician,Hedwig Regina Livingston,9,21,"0,1,2,3,4",0.0,29.0,2.85,0.0,2025-12-02,2025-12-31,0,0,LOW
IUY0279,Igor Ulric Yang,3 - Engineering,TestEngineer,Rose Hanae Yates,9,18,"0,1,2,3,4",0.0,90.0,8.4,0.0,2025-12-02,2025-12-31,0,0,LOW
IBP0883,Iona Brenda Payne,3 - FieldService,Technician,Blythe Veda Cooke,8,18,"0,1,2,3,4",0.0,30.0,2.9,0.0,2025-12-02,2025-12-31,0,0,LOW
BAM0636,Brenda Alika Matthews,3 - FieldService,Technician,Hedwig Regina Livingston,9,21,"0,1,2,3,4",0.0,29.0,2.65,0.0,2025-12-02,2025-12-31,0,0,LOW
LNR0656,Lacey Nomlanga Rasmussen,3 - FieldService,Technician,Hedwig Regina Livingston,9,21,"0,1,2,3,4",0.0,29.0,3.0,0.0,2025-12-02,2025-12-31,0,0,LOW
TLH0648,Tarik Linus Hubbard,3 - FieldService,Technician,Hedwig Regina Livingston,9,21,"0,1,2,3,4",0.0,29.0,2.9,0.0,2025-12-02,2025-12-31,0,0,LOW
BAJ0654,Brock Aladdin Joyce,3 - FieldService,Technician,Hedwig Regina Livingston,9,21,"0,1,2,3,4",12.6,29.0,2.9,0.55,2025-12-02,2025-12-31,0,0,LOW
CQW0652,Chastity Quyn Wilkerson,3 - FieldService,Technician,Hedwig Regina Livingston,9,21,"0,1,2,3,4",1.8,29.0,2.95,1.9,2025-12-02,2025-12-31,0,0,LOW
RHY0079,Rose Hanae Yates,3 - Engineering,ChiefEngineer,Declan Lester Moss,9,18,"0,1,2,3,4",0.0,190.0,17.9,0.0,2025-12-02,2025-12-31,0,0,LOW
